,Id,Age Category,Sex,Rank,Time,Year
35511,2,"[60, 65)",M,2289,18342,2016
35512,3,"[30, 35)",F,2276,18274,2016
35513,4,"[35, 40)",M,2390,18810,2016
35514,5,"[40, 45)",F,2608,19714,2016
35516,7,"[40, 45)",M,384,12963,2016
35517,8,"[30, 35)",F,912,14354,2016
35518,9,"[50, 55)",M,2620,19788,2016
35519,10,"[25, 30)",M,1934,17173,2016
35520,11,"[40, 45)",F,2055,17507,2016
35521,12,"[20, 25)",F,954,14443,2016
35523,13,"[30, 35)",M,21,10713,2016
35524,14,"[25, 30)",F,934,14392,2016
35525,15,"[40, 45)",M,2332,18529,2016
35527,17,"[50, 55)",M,886,14314,2016
35530,20,"[30, 35)",F,55,11067,2016
35532,22,"[45, 50)",F,1150,14984,2016
35533,23,"[25, 30)",F,1478,15961,2016
35534,24,"[30, 35)",F,552,13486,2016
35535,25,"[50, 55)",M,790,14095,2016
35537,27,"[40, 45)",F,1302,15427,2016
35539,29,"[30, 35)",M,2429,18993,2016
35540,30,"[45, 50)",M,2647,19901,2016
35541,31,"[45, 50)",M,313,12657,2016
35544,34,"[45, 50)",M,2763,20820,2016
35545,35,"[45, 50)",M,326,12720,2016
35546,36,"[55, 60)",M,2537,19427,2016
35547,37,"[45, 50)",M,1062,14780,2016
35548,38,"[50, 55)",M,375,12930,2016
35549,39,"[40, 45)",M,1005,14583,2016
35550,40,"[45, 50)",M,266,12531,2016
35551,41,"[35, 40)",F,1605,16266,2016
35553,43,"[35, 40)",M,782,14082,2016
35554,44,"[40, 45)",M,1399,15746,2016
35556,46,"[40, 45)",M,478,13280,2016
35557,47,"[20, 25)",M,2697,20278,2016
35558,48,"[30, 35)",M,2049,17499,2016
35559,49,"[35, 40)",M,367,12888,2016
35562,52,"[40, 45)",M,221,12342,2016
35563,53,"[50, 55)",M,2629,19818,2016
35564,54,"[45, 50)",F,1954,17225,2016
35568,58,"[55, 60)",F,1388,15715,2016
35570,60,"[25, 30)",F,2205,17994,2016
35571,61,"[45, 50)",F,2933,22693,2016
35572,62,"[45, 50)",M,908,14345,2016
35573,63,"[40, 45)",F,1256,15282,2016
35574,64,"[45, 50)",M,103,11600,2016
35575,65,"[35, 40)",F,758,14029,2016
35577,67,"[45, 50)",M,1349,15565,2016
35580,70,"[55, 60)",M,1439,15867,2016
35582,72,"[40, 45)",M,2401,18882,2016
35583,73,"[40, 45)",M,1259,15294,2016
35586,76,"[35, 40)",M,942,14402,2016
35587,77,"[25, 30)",F,472,13258,2016
35588,78,"[40, 45)",F,2256,18199,2016
35589,79,"[50, 55)",M,1613,16291,2016
35592,82,"[40, 45)",M,2226,18085,2016
35593,83,"[35, 40)",M,238,12407,2016
35594,84,"[65, 70)",M,2743,20638,2016
35595,85,"[35, 40)",M,813,14151,2016
35597,87,"[20, 25)",M,2931,22658,2016
35599,89,"[35, 40)",M,1884,17040,2016
35600,90,"[25, 30)",M,28,10769,2016
35601,91,"[35, 40)",M,2327,18498,2016
35602,92,"[30, 35)",M,1567,16147,2016
35603,93,"[40, 45)",M,1877,17019,2016
35604,94,"[45, 50)",M,1990,17326,2016
35605,95,"[25, 30)",F,2921,22497,2016
35607,97,"[55, 60)",M,1842,16925,2016
35608,98,"[30, 35)",M,235,12401,2016
35609,99,"[30, 35)",M,1514,16033,2016
35610,100,"[35, 40)",F,1660,16430,2016
35611,101,"[30, 35)",F,2855,21699,2016
35612,102,"[45, 50)",M,1763,16711,2016
35613,103,"[35, 40)",M,1203,15134,2016
35614,104,"[30, 35)",M,1596,16237,2016
35615,105,"[50, 55)",M,876,14283,2016
35616,106,"[45, 50)",M,2469,19116,2016
35622,112,"[25, 30)",F,2141,17791,2016
35623,113,"[30, 35)",F,1315,15470,2016
35624,114,"[35, 40)",M,316,12667,2016
35625,115,"[55, 60)",M,1406,15769,2016
35626,116,"[25, 30)",F,1393,15726,2016
35629,119,"[30, 35)",M,284,12582,2016
35630,120,"[40, 45)",M,1899,17076,2016
35633,123,"[45, 50)",M,789,14094,2016
35634,124,"[30, 35)",F,849,14230,2016
35635,125,"[15, 20)",M,2348,18599,2016
35636,126,"[30, 35)",M,940,14399,2016
35638,128,"[45, 50)",F,1898,17073,2016
35640,130,"[50, 55)",M,1508,16020,2016
35641,131,"[55, 60)",F,2906,22184,2016
35642,132,"[35, 40)",F,2179,17916,2016
35644,134,"[35, 40)",M,762,14044,2016
35645,135,"[50, 55)",M,1227,15206,2016
35646,136,"[45, 50)",M,1558,16125,2016
35650,140,"[40, 45)",M,823,14169,2016
35651,141,"[30, 35)",F,2145,17808,2016
35652,142,"[35, 40)",M,192,12165,2016
35655,145,"[45, 50)",F,2068,17535,2016
35656,146,"[35, 40)",F,2365,18688,2016
35658,148,"[30, 35)",M,287,12593,2016
35659,149,"[20, 25)",F,2351,18601,2016
35663,153,"[30, 35)",M,2148,17822,2016
35667,157,"[35, 40)",M,107,11634,2016
35668,158,"[45, 50)",M,1208,15146,2016
35669,159,"[50, 55)",M,2134,17775,2016
35670,160,"[45, 50)",M,1018,14634,2016
35671,161,"[35, 40)",M,2408,18895,2016
35672,162,"[30, 35)",F,576,13550,2016
35673,163,"[60, 65)",M,2229,18091,2016
35674,164,"[45, 50)",M,1188,15101,2016
35675,165,"[50, 55)",M,1446,15892,2016
35676,166,"[50, 55)",M,601,13617,2016
35677,167,"[35, 40)",F,2901,22166,2016
35682,172,"[50, 55)",M,809,14142,2016
35685,175,"[25, 30)",F,2923,22504,2016
35688,178,"[35, 40)",M,26,10750,2016
35689,179,"[35, 40)",M,946,14419,2016
35690,180,"[40, 45)",F,2943,22857,2016
35691,181,"[55, 60)",M,736,13996,2016
35692,182,"[30, 35)",F,1065,14790,2016
35693,183,"[45, 50)",M,891,14323,2016
35695,185,"[35, 40)",F,2020,17402,2016
35698,188,"[35, 40)",M,1925,17140,2016
35701,191,"[40, 45)",M,572,13547,2016
35702,192,"[35, 40)",F,1555,16117,2016
35704,194,"[50, 55)",M,617,13652,2016
35708,198,"[50, 55)",M,1074,14817,2016
35709,199,"[35, 40)",M,1624,16314,2016
35710,200,"[45, 50)",F,2795,21015,2016
35711,201,"[50, 55)",F,1347,15558,2016
35712,202,"[40, 45)",M,405,13035,2016
35713,203,"[35, 40)",F,773,14063,2016
35714,204,"[30, 35)",F,1063,14785,2016
35716,206,"[40, 45)",M,464,13227,2016
35720,210,"[30, 35)",M,632,13692,2016
35721,211,"[65, 70)",M,2737,20580,2016
35722,212,"[45, 50)",M,49,10990,2016
35723,213,"[35, 40)",F,2756,20744,2016
35724,214,"[60, 65)",F,1176,15064,2016
35727,217,"[30, 35)",F,1499,16010,2016
35728,218,"[40, 45)",M,513,13366,2016
35729,219,"[25, 30)",M,1659,16425,2016
35730,220,"[25, 30)",M,1831,16884,2016
35731,221,"[60, 65)",F,3033,25603,2016
35733,223,"[30, 35)",F,624,13668,2016
35735,225,"[30, 35)",M,881,14309,2016
35736,226,"[45, 50)",M,427,13107,2016
35738,228,"[40, 45)",M,1118,14912,2016
35739,229,"[35, 40)",F,1519,16049,2016
35740,230,"[30, 35)",M,1540,16097,2016
35744,234,"[35, 40)",M,370,12897,2016
35745,235,"[20, 25)",M,1946,17212,2016
35748,238,"[35, 40)",M,1891,17047,2016
35751,241,"[45, 50)",F,971,14492,2016
35753,243,"[30, 35)",F,2441,19028,2016
35755,245,"[35, 40)",M,1537,16092,2016
35756,246,"[35, 40)",M,822,14167,2016
35757,247,"[50, 55)",F,2753,20711,2016
35758,248,"[40, 45)",M,67,11158,2016
35761,251,"[45, 50)",F,1730,16624,2016
35762,252,"[45, 50)",F,1652,16397,2016
35763,253,"[40, 45)",F,507,13355,2016
35764,254,"[25, 30)",M,2101,17655,2016
35765,255,"[40, 45)",F,3040,25788,2016
35766,256,"[30, 35)",F,2117,17726,2016
35767,257,"[35, 40)",M,81,11374,2016
35768,258,"[45, 50)",F,2245,18161,2016
35770,260,"[35, 40)",M,769,14056,2016
35771,261,"[45, 50)",M,196,12199,2016
35772,262,"[35, 40)",F,1851,16955,2016
35773,263,"[35, 40)",M,2071,17540,2016
35774,264,"[45, 50)",M,1283,15394,2016
35779,269,"[30, 35)",F,363,12861,2016
35780,270,"[35, 40)",M,2120,17729,2016
35782,272,"[35, 40)",M,765,14046,2016
35783,273,"[45, 50)",M,319,12675,2016
35785,275,"[35, 40)",M,625,13671,2016
35786,276,"[45, 50)",F,2255,18196,2016
35790,280,"[30, 35)",M,1547,16105,2016
35791,281,"[35, 40)",M,651,13745,2016
35792,282,"[35, 40)",F,2443,19029,2016
35795,285,"[30, 35)",F,1593,16221,2016
35796,286,"[35, 40)",F,1768,16725,2016
35797,287,"[20, 25)",M,2932,22658,2016
35798,288,"[40, 45)",M,1961,17248,2016
35799,289,"[35, 40)",M,1061,14776,2016
35800,290,"[50, 55)",F,2648,19903,2016
35802,292,"[40, 45)",M,2019,17399,2016
35804,294,"[35, 40)",M,1530,16081,2016
35809,299,"[45, 50)",F,777,14074,2016
35810,300,"[40, 45)",F,1951,17219,2016
35812,302,"[35, 40)",F,2257,18201,2016
35813,303,"[45, 50)",M,1110,14896,2016
35814,304,"[50, 55)",M,2707,20341,2016
35816,306,"[20, 25)",M,2596,19673,2016
35818,308,"[45, 50)",F,1204,15137,2016
35819,309,"[25, 30)",M,1991,17328,2016
35820,310,"[30, 35)",F,2695,20270,2016
35821,311,"[35, 40)",F,2200,17981,2016
35824,314,"[40, 45)",F,1602,16252,2016
35825,315,"[50, 55)",M,475,13270,2016
35827,317,"[50, 55)",M,998,14569,2016
35828,318,"[35, 40)",F,2684,20171,2016
35829,319,"[20, 25)",F,2790,20976,2016
35830,320,"[20, 25)",F,2898,22127,2016
35831,321,"[40, 45)",M,1590,16203,2016
35832,322,"[30, 35)",M,829,14185,2016
35833,323,"[40, 45)",M,219,12332,2016
35834,324,"[40, 45)",M,360,12846,2016
35835,325,"[30, 35)",F,2023,17409,2016
35836,326,"[55, 60)",M,2667,20008,2016
35838,328,"[20, 25)",M,3037,25698,2016
35839,329,"[45, 50)",M,2451,19055,2016
35840,330,"[40, 45)",F,1366,15619,2016
35841,331,"[55, 60)",M,1016,14625,2016
35842,332,"[30, 35)",F,1346,15557,2016
35844,334,"[40, 45)",F,555,13494,2016
35845,335,"[45, 50)",F,2409,18901,2016
35846,336,"[55, 60)",M,666,13786,2016
35849,339,"[20, 25)",M,1631,16346,2016
35850,340,"[30, 35)",M,419,13098,2016
35852,342,"[45, 50)",M,988,14535,2016
35853,343,"[35, 40)",M,884,14312,2016
35854,344,"[45, 50)",M,2809,21143,2016
35856,346,"[25, 30)",F,2492,19216,2016
35858,347,"[40, 45)",M,1712,16565,2016
35859,348,"[50, 55)",M,1233,15227,2016
35860,349,"[40, 45)",M,2574,19585,2016
35861,350,"[35, 40)",M,1705,16553,2016
35862,351,"[40, 45)",F,86,11394,2016
35864,353,"[40, 45)",M,1140,14958,2016
35865,354,"[35, 40)",M,328,12722,2016
35866,355,"[40, 45)",M,473,13258,2016
35867,356,"[40, 45)",M,2234,18119,2016
35868,357,"[35, 40)",M,1635,16350,2016
35870,359,"[30, 35)",F,2109,17695,2016
35871,360,"[45, 50)",F,468,13242,2016
35874,363,"[30, 35)",M,609,13634,2016
35875,364,"[55, 60)",M,1100,14872,2016
35879,368,"[15, 20)",F,1857,16965,2016
35881,370,"[35, 40)",F,641,13721,2016
35882,371,"[35, 40)",M,147,11943,2016
35883,372,"[30, 35)",M,2194,17965,2016
35884,373,"[40, 45)",F,721,13965,2016
35885,374,"[50, 55)",M,1086,14837,2016
35886,375,"[40, 45)",F,1740,16637,2016
35887,376,"[40, 45)",F,1995,17346,2016
35888,377,"[30, 35)",F,2433,19005,2016
35889,378,"[60, 65)",F,2586,19627,2016
35893,382,"[40, 45)",M,90,11447,2016
35894,383,"[30, 35)",M,1289,15403,2016
35896,385,"[25, 30)",M,1236,15231,2016
35897,386,"[40, 45)",M,461,13217,2016
35898,387,"[40, 45)",M,2012,17385,2016
35899,388,"[35, 40)",M,581,13555,2016
35900,389,"[25, 30)",M,2108,17691,2016
35901,390,"[30, 35)",M,1264,15301,2016
35903,392,"[45, 50)",F,1866,16979,2016
35904,393,"[30, 35)",M,176,12084,2016
35905,394,"[50, 55)",F,268,12537,2016
35906,395,"[35, 40)",M,1531,16083,2016
35910,399,"[40, 45)",F,2074,17547,2016
35911,400,"[30, 35)",F,1411,15786,2016
35912,401,"[50, 55)",M,2181,17920,2016
35913,402,"[45, 50)",M,1459,15933,2016
35915,404,"[30, 35)",F,597,13614,2016
35916,405,"[50, 55)",M,338,12769,2016
35917,406,"[30, 35)",F,2406,18891,2016
35919,408,"[25, 30)",F,1466,15944,2016
35920,409,"[25, 30)",M,36,10886,2016
35921,410,"[35, 40)",M,297,12625,2016
35922,411,"[40, 45)",F,15,10530,2016
35923,412,"[65, 70)",M,2807,21130,2016
35924,413,"[35, 40)",M,1099,14872,2016
35925,414,"[40, 45)",M,2573,19584,2016
35926,415,"[50, 55)",M,1425,15815,2016
35928,417,"[35, 40)",M,1013,14616,2016
35929,418,"[40, 45)",M,2771,20850,2016
35930,419,"[55, 60)",M,1409,15772,2016
35931,420,"[35, 40)",M,2182,17921,2016
35932,421,"[50, 55)",M,286,12592,2016
35933,422,"[30, 35)",F,1317,15475,2016
35937,426,"[40, 45)",M,637,13705,2016
35938,427,"[35, 40)",F,2535,19406,2016
35940,429,"[60, 65)",M,596,13611,2016
35941,430,"[20, 25)",F,2440,19025,2016
35942,431,"[55, 60)",M,395,13001,2016
35944,433,"[30, 35)",M,1902,17083,2016
35945,434,"[40, 45)",M,2321,18466,2016
35946,435,"[35, 40)",F,2814,21214,2016
35947,436,"[50, 55)",M,2903,22171,2016
35949,438,"[45, 50)",F,2209,18007,2016
35954,443,"[25, 30)",M,2678,20129,2016
35955,444,"[30, 35)",F,364,12867,2016
35956,445,"[40, 45)",M,2677,20124,2016
35957,446,"[35, 40)",M,1823,16873,2016
35958,447,"[30, 35)",M,2033,17446,2016
35959,448,"[30, 35)",M,261,12515,2016
35961,450,"[25, 30)",M,778,14076,2016
35963,452,"[45, 50)",M,2618,19782,2016
35965,454,"[20, 25)",M,351,12818,2016
35966,455,"[40, 45)",F,476,13275,2016
35967,456,"[30, 35)",M,449,13164,2016
35968,457,"[40, 45)",M,907,14344,2016
35969,458,"[40, 45)",F,2449,19049,2016
35970,459,"[25, 30)",M,246,12437,2016
35971,460,"[35, 40)",M,2203,17990,2016
35973,462,"[40, 45)",M,2935,22710,2016
35974,463,"[35, 40)",M,2954,23192,2016
35975,464,"[40, 45)",M,1123,14926,2016
35976,465,"[25, 30)",M,767,14049,2016
35978,467,"[45, 50)",M,873,14281,2016
35980,469,"[60, 65)",M,1330,15519,2016
35982,470,"[40, 45)",M,910,14347,2016
35984,472,"[40, 45)",M,828,14184,2016
35985,473,"[55, 60)",F,2414,18929,2016
35987,475,"[35, 40)",F,585,13570,2016
35989,477,"[50, 55)",M,804,14133,2016
35990,478,"[35, 40)",M,1124,14927,2016
35991,479,"[45, 50)",M,1868,16982,2016
35993,481,"[35, 40)",M,1383,15694,2016
35995,483,"[45, 50)",F,2363,18670,2016
35996,484,"[45, 50)",M,414,13089,2016
35997,485,"[30, 35)",F,1805,16820,2016
35998,486,"[35, 40)",M,2043,17480,2016
36000,488,"[40, 45)",F,2420,18946,2016
36001,489,"[35, 40)",M,1669,16443,2016
36002,490,"[55, 60)",M,2035,17464,2016
36003,491,"[60, 65)",M,1151,14989,2016
36004,492,"[50, 55)",M,1111,14897,2016
36005,493,"[20, 25)",M,132,11828,2016
36006,494,"[30, 35)",M,835,14202,2016
36007,495,"[45, 50)",M,97,11561,2016
36008,496,"[40, 45)",M,2374,18735,2016
36009,497,"[45, 50)",M,1513,16032,2016
36010,498,"[30, 35)",M,1808,16825,2016
36013,501,"[30, 35)",F,1918,17107,2016
36015,503,"[30, 35)",M,447,13154,2016
36017,505,"[50, 55)",M,1278,15366,2016
36018,506,"[35, 40)",F,1494,16004,2016
36019,507,"[40, 45)",M,1689,16488,2016
36020,508,"[50, 55)",M,725,13973,2016
36021,509,"[45, 50)",M,799,14114,2016
36024,512,"[30, 35)",M,408,13052,2016
36025,513,"[40, 45)",F,3011,24652,2016
36026,514,"[55, 60)",M,2544,19473,2016
36027,515,"[40, 45)",M,2989,23878,2016
36028,516,"[25, 30)",F,2575,19593,2016
36029,517,"[20, 25)",F,732,13985,2016
36030,518,"[35, 40)",M,1675,16454,2016
36031,519,"[20, 25)",F,1818,16857,2016
36033,521,"[40, 45)",M,915,14358,2016
36034,522,"[40, 45)",M,1430,15838,2016
36035,523,"[40, 45)",M,64,11137,2016
36036,524,"[40, 45)",M,515,13373,2016
36037,525,"[45, 50)",M,1793,16785,2016
36038,526,"[35, 40)",M,1190,15111,2016
36039,527,"[50, 55)",M,2956,23229,2016
36040,528,"[50, 55)",M,70,11180,2016
36041,529,"[40, 45)",F,2435,19013,2016
36042,530,"[25, 30)",F,439,13134,2016
36045,533,"[60, 65)",M,1369,15636,2016
36047,535,"[40, 45)",F,874,14281,2016
36050,538,"[45, 50)",M,2540,19452,2016
36051,539,"[35, 40)",M,654,13760,2016
36053,541,"[40, 45)",F,2636,19853,2016
36056,544,"[40, 45)",F,2468,19115,2016
36057,545,"[20, 25)",F,1243,15241,2016
36058,546,"[45, 50)",M,2312,18417,2016
36059,547,"[45, 50)",M,324,12715,2016
36060,548,"[55, 60)",M,1143,14964,2016
36061,549,"[25, 30)",F,2838,21477,2016
36062,550,"[40, 45)",M,13,10459,2016
36064,552,"[40, 45)",M,975,14500,2016
36067,555,"[40, 45)",M,344,12793,2016
36068,556,"[30, 35)",M,2096,17633,2016
36070,558,"[50, 55)",M,1715,16586,2016
36072,560,"[30, 35)",F,2316,18440,2016
36073,561,"[55, 60)",M,2287,18328,2016
36074,562,"[35, 40)",M,131,11819,2016
36077,565,"[40, 45)",M,2951,23076,2016
36078,566,"[50, 55)",M,793,14101,2016
36079,567,"[75, 80)",M,2983,23642,2016
36081,569,"[40, 45)",M,322,12696,2016
36082,570,"[60, 65)",F,2635,19843,2016
36087,575,"[30, 35)",F,1980,17306,2016
36088,576,"[30, 35)",M,1169,15048,2016
36089,577,"[40, 45)",M,2150,17830,2016
36091,579,"[35, 40)",F,1097,14864,2016
36093,581,"[45, 50)",M,209,12271,2016
36094,582,"[20, 25)",F,1538,16094,2016
36095,583,"[60, 65)",F,2272,18263,2016
36096,584,"[30, 35)",M,1308,15447,2016
36098,586,"[35, 40)",M,1718,16590,2016
36099,587,"[30, 35)",F,3019,24776,2016
36100,588,"[40, 45)",M,61,11128,2016
36102,590,"[30, 35)",F,1348,15562,2016
36103,591,"[40, 45)",M,2479,19170,2016
36105,593,"[45, 50)",F,3003,24434,2016
36108,596,"[25, 30)",M,299,12629,2016
36109,597,"[30, 35)",F,2810,21156,2016
36110,598,"[25, 30)",M,215,12318,2016
36112,600,"[40, 45)",M,48,10986,2016
36113,601,"[25, 30)",F,962,14463,2016
36116,604,"[35, 40)",M,1650,16394,2016
36118,606,"[45, 50)",F,2436,19014,2016
36119,607,"[25, 30)",M,1703,16550,2016
36122,610,"[20, 25)",M,1815,16839,2016
36123,611,"[40, 45)",F,2916,22347,2016
36124,612,"[40, 45)",F,1518,16048,2016
36125,613,"[40, 45)",M,724,13966,2016
36127,615,"[40, 45)",M,214,12310,2016
36130,618,"[30, 35)",F,2062,17522,2016
36131,619,"[25, 30)",F,1367,15622,2016
36132,620,"[50, 55)",M,924,14369,2016
36133,621,"[15, 20)",M,1090,14849,2016
36134,622,"[40, 45)",F,2237,18132,2016
36135,623,"[30, 35)",F,2526,19363,2016
36136,624,"[45, 50)",M,2712,20361,2016
36137,625,"[55, 60)",M,833,14195,2016
36138,626,"[25, 30)",F,1982,17311,2016
36140,628,"[25, 30)",F,1134,14943,2016
36142,630,"[25, 30)",M,2225,18085,2016
36143,631,"[20, 25)",F,2356,18623,2016
36146,634,"[50, 55)",M,137,11870,2016
36149,637,"[55, 60)",M,1720,16593,2016
36150,638,"[35, 40)",M,2091,17620,2016
36152,640,"[40, 45)",F,973,14494,2016
36154,642,"[50, 55)",M,1865,16978,2016
36156,644,"[55, 60)",M,1210,15153,2016
36157,645,"[30, 35)",F,2236,18132,2016
36158,646,"[30, 35)",M,208,12265,2016
36159,647,"[45, 50)",M,2454,19059,2016
36160,648,"[50, 55)",M,2765,20830,2016
36161,649,"[45, 50)",M,1102,14875,2016
36162,650,"[40, 45)",M,1867,16981,2016
36163,651,"[50, 55)",F,1551,16112,2016
36164,652,"[35, 40)",M,681,13842,2016
36165,653,"[45, 50)",M,583,13565,2016
36166,654,"[35, 40)",F,2073,17546,2016
36167,655,"[45, 50)",M,1847,16946,2016
36168,656,"[30, 35)",F,1418,15804,2016
36169,657,"[30, 35)",M,32,10875,2016
36170,658,"[35, 40)",M,524,13408,2016
36171,659,"[55, 60)",F,2768,20836,2016
36172,660,"[40, 45)",M,399,13019,2016
36173,661,"[40, 45)",M,260,12505,2016
36174,662,"[30, 35)",M,136,11864,2016
36175,663,"[60, 65)",M,2102,17669,2016
36176,664,"[45, 50)",F,2135,17777,2016
36178,666,"[35, 40)",F,953,14441,2016
36181,669,"[35, 40)",F,1972,17268,2016
36183,671,"[50, 55)",F,2708,20341,2016
36184,672,"[50, 55)",F,1940,17190,2016
36187,675,"[30, 35)",M,1548,16105,2016
36188,676,"[50, 55)",M,2260,18216,2016
36189,677,"[25, 30)",F,639,13711,2016
36190,678,"[25, 30)",M,916,14360,2016
36191,679,"[35, 40)",F,2125,17744,2016
36192,680,"[30, 35)",M,603,13624,2016
36193,681,"[35, 40)",F,2718,20405,2016
36194,682,"[20, 25)",M,853,14239,2016
36195,683,"[50, 55)",M,2249,18169,2016
36196,684,"[25, 30)",F,1682,16468,2016
36200,688,"[20, 25)",M,812,14146,2016
36201,689,"[25, 30)",M,181,12129,2016
36203,691,"[30, 35)",F,2137,17780,2016
36205,693,"[30, 35)",F,1701,16542,2016
36207,695,"[40, 45)",M,173,12065,2016
36208,696,"[40, 45)",M,1716,16586,2016
36209,697,"[25, 30)",M,1091,14852,2016
36210,698,"[35, 40)",M,2001,17365,2016
36211,699,"[35, 40)",F,2902,22167,2016
36212,700,"[60, 65)",M,2770,20841,2016
36213,701,"[35, 40)",F,2494,19224,2016
36214,702,"[30, 35)",M,2792,20991,2016
36215,703,"[30, 35)",M,2928,22566,2016
36216,704,"[50, 55)",F,2197,17981,2016
36218,706,"[45, 50)",M,708,13922,2016
36220,708,"[65, 70)",M,3004,24480,2016
36221,709,"[35, 40)",M,25,10739,2016
36222,710,"[15, 20)",M,2500,19258,2016
36223,711,"[25, 30)",F,2515,19322,2016
36225,713,"[30, 35)",M,288,12594,2016
36226,714,"[30, 35)",M,1949,17218,2016
36228,716,"[40, 45)",M,2144,17808,2016
36229,717,"[50, 55)",M,62,11129,2016
36230,718,"[35, 40)",F,1757,16692,2016
36231,719,"[30, 35)",M,1253,15268,2016
36233,721,"[25, 30)",F,321,12685,2016
36235,723,"[35, 40)",F,1719,16591,2016
36237,725,"[35, 40)",F,1855,16961,2016
36238,726,"[35, 40)",M,391,12981,2016
36239,727,"[25, 30)",F,1010,14600,2016
36240,728,"[35, 40)",M,837,14205,2016
36242,730,"[35, 40)",M,1697,16517,2016
36243,731,"[45, 50)",M,156,11965,2016
36244,732,"[40, 45)",M,994,14551,2016
36246,734,"[25, 30)",M,1487,15974,2016
36247,735,"[35, 40)",M,1234,15228,2016
36248,736,"[50, 55)",F,1579,16175,2016
36250,738,"[20, 25)",F,1027,14661,2016
36253,741,"[30, 35)",M,1785,16764,2016
36254,742,"[30, 35)",F,2876,21863,2016
36255,743,"[35, 40)",M,253,12466,2016
36256,744,"[45, 50)",M,163,11990,2016
36260,748,"[40, 45)",F,2981,23613,2016
36261,749,"[40, 45)",F,2233,18108,2016
36263,751,"[45, 50)",M,707,13921,2016
36264,752,"[40, 45)",M,148,11944,2016
36265,753,"[55, 60)",F,2879,21903,2016
36266,754,"[30, 35)",M,2208,18000,2016
36268,756,"[45, 50)",F,2908,22185,2016
36269,757,"[35, 40)",M,1736,16633,2016
36270,758,"[20, 25)",M,2007,17369,2016
36272,760,"[35, 40)",M,2116,17724,2016
36273,761,"[35, 40)",M,791,14096,2016
36275,763,"[30, 35)",M,1420,15810,2016
36276,764,"[35, 40)",M,1633,16348,2016
36277,765,"[60, 65)",M,1335,15529,2016
36279,767,"[30, 35)",M,1522,16057,2016
36280,768,"[25, 30)",F,2591,19662,2016
36281,769,"[45, 50)",F,337,12769,2016
36282,770,"[60, 65)",M,330,12726,2016
36283,771,"[40, 45)",F,2861,21750,2016
36284,772,"[35, 40)",M,1809,16825,2016
36285,773,"[30, 35)",F,1637,16361,2016
36286,774,"[45, 50)",M,663,13781,2016
36289,777,"[25, 30)",M,2199,17981,2016
36290,778,"[60, 65)",M,2027,17432,2016
36291,779,"[35, 40)",M,164,11991,2016
36292,780,"[25, 30)",M,1454,15916,2016
36293,781,"[50, 55)",M,262,12517,2016
36295,783,"[30, 35)",F,2215,18023,2016
36296,784,"[55, 60)",F,1337,15534,2016
36299,787,"[35, 40)",M,2295,18355,2016
36300,788,"[35, 40)",M,140,11888,2016
36301,789,"[75, 80)",M,2546,19484,2016
36302,790,"[25, 30)",M,1829,16882,2016
36304,792,"[30, 35)",M,2675,20090,2016
36305,793,"[45, 50)",M,2473,19148,2016
36306,794,"[45, 50)",F,365,12881,2016
36307,795,"[30, 35)",M,1390,15717,2016
36308,796,"[25, 30)",F,1266,15318,2016
36309,797,"[35, 40)",M,1577,16171,2016
36312,800,"[30, 35)",F,2146,17817,2016
36314,802,"[45, 50)",M,1178,15079,2016
36315,803,"[60, 65)",M,2912,22288,2016
36317,805,"[45, 50)",M,2242,18154,2016
36319,807,"[40, 45)",F,2985,23666,2016
36320,808,"[50, 55)",F,2527,19365,2016
36321,809,"[45, 50)",M,921,14364,2016
36322,810,"[30, 35)",F,1814,16835,2016
36323,811,"[30, 35)",M,82,11380,2016
36324,812,"[25, 30)",M,787,14091,2016
36326,814,"[40, 45)",M,271,12554,2016
36327,815,"[20, 25)",M,3032,25476,2016
36328,816,"[40, 45)",M,926,14373,2016
36330,818,"[50, 55)",M,646,13736,2016
36332,820,"[55, 60)",M,744,14010,2016
36333,821,"[30, 35)",M,24,10725,2016
36334,822,"[45, 50)",F,2268,18247,2016
36337,825,"[45, 50)",M,2466,19108,2016
36338,826,"[40, 45)",F,1822,16867,2016
36339,827,"[45, 50)",M,80,11356,2016
36340,828,"[55, 60)",M,792,14100,2016
36341,829,"[45, 50)",M,188,12152,2016
36342,830,"[30, 35)",F,1978,17292,2016
36343,831,"[30, 35)",M,40,10911,2016
36344,832,"[40, 45)",F,1586,16202,2016
36346,834,"[35, 40)",F,2948,23024,2016
36347,835,"[40, 45)",M,1811,16831,2016
36348,836,"[45, 50)",M,2594,19672,2016
36349,837,"[25, 30)",F,1244,15242,2016
36351,839,"[30, 35)",M,471,13256,2016
36352,840,"[50, 55)",M,1542,16100,2016
36353,841,"[40, 45)",F,2825,21294,2016
36354,842,"[30, 35)",F,282,12581,2016
36355,843,"[40, 45)",M,808,14140,2016
36357,845,"[20, 25)",M,936,14394,2016
36360,848,"[45, 50)",M,1160,15028,2016
36361,849,"[40, 45)",M,1645,16380,2016
36362,850,"[60, 65)",F,3025,25006,2016
36363,851,"[40, 45)",F,1214,15163,2016
36364,852,"[35, 40)",F,1362,15609,2016
36365,853,"[30, 35)",M,76,11299,2016
36366,854,"[35, 40)",F,1754,16684,2016
36367,855,"[35, 40)",M,817,14157,2016
36368,856,"[40, 45)",M,1528,16068,2016
36369,857,"[25, 30)",F,2294,18352,2016
36370,858,"[55, 60)",M,684,13854,2016
36371,859,"[35, 40)",M,816,14152,2016
36372,860,"[45, 50)",F,2437,19020,2016
36373,861,"[55, 60)",M,2204,17990,2016
36375,863,"[45, 50)",F,2835,21431,2016
36376,864,"[35, 40)",F,2518,19325,2016
36377,865,"[50, 55)",M,2597,19674,2016
36378,866,"[35, 40)",M,312,12657,2016
36379,867,"[40, 45)",F,1975,17281,2016
36380,868,"[40, 45)",F,2717,20404,2016
36381,869,"[45, 50)",M,1680,16463,2016
36382,870,"[50, 55)",M,1252,15268,2016
36383,871,"[55, 60)",F,1841,16920,2016
36384,872,"[30, 35)",M,1896,17060,2016
36385,873,"[35, 40)",M,2202,17989,2016
36386,874,"[30, 35)",F,2606,19706,2016
36387,875,"[30, 35)",M,39,10908,2016
36388,876,"[20, 25)",F,982,14515,2016
36389,877,"[40, 45)",M,1646,16383,2016
36391,879,"[40, 45)",M,1552,16117,2016
36393,881,"[20, 25)",M,3036,25698,2016
36394,882,"[35, 40)",F,295,12620,2016
36395,883,"[50, 55)",M,2778,20923,2016
36396,884,"[20, 25)",F,1145,14969,2016
36397,885,"[40, 45)",M,2084,17581,2016
36399,887,"[30, 35)",M,118,11724,2016
36401,889,"[15, 20)",M,1890,17047,2016
36403,891,"[60, 65)",M,1627,16318,2016
36404,892,"[40, 45)",M,454,13185,2016
36405,893,"[45, 50)",M,595,13609,2016
36406,894,"[55, 60)",M,851,14237,2016
36408,896,"[50, 55)",M,1480,15965,2016
36409,897,"[40, 45)",F,1806,16823,2016
36410,898,"[40, 45)",M,2314,18426,2016
36415,903,"[35, 40)",M,1039,14695,2016
36416,904,"[45, 50)",F,1009,14597,2016
36419,907,"[40, 45)",M,116,11707,2016
36423,911,"[45, 50)",F,2986,23668,2016
36428,916,"[35, 40)",M,1046,14710,2016
36430,918,"[50, 55)",M,301,12635,2016
36431,919,"[30, 35)",M,334,12747,2016
36434,922,"[55, 60)",M,2170,17887,2016
36436,924,"[35, 40)",F,1849,16950,2016
36437,925,"[55, 60)",M,2175,17910,2016
36438,926,"[45, 50)",M,451,13177,2016
36439,927,"[25, 30)",F,1778,16751,2016
36440,928,"[30, 35)",M,2665,20006,2016
36441,929,"[30, 35)",M,2195,17975,2016
36442,930,"[40, 45)",M,1654,16402,2016
36443,931,"[35, 40)",F,2313,18426,2016
36444,932,"[25, 30)",F,682,13851,2016
36445,933,"[20, 25)",M,2281,18303,2016
36451,939,"[35, 40)",F,1428,15835,2016
36452,940,"[35, 40)",F,2669,20022,2016
36453,941,"[35, 40)",F,1042,14697,2016
36454,942,"[30, 35)",F,1706,16557,2016
36455,943,"[40, 45)",M,1094,14860,2016
36456,944,"[35, 40)",M,2656,19944,2016
36457,945,"[50, 55)",M,2290,18344,2016
36459,947,"[20, 25)",F,2649,19908,2016
36460,948,"[45, 50)",F,871,14278,2016
36463,951,"[55, 60)",M,1431,15839,2016
36465,953,"[35, 40)",M,627,13683,2016
36466,954,"[30, 35)",F,2576,19594,2016
36467,955,"[40, 45)",M,47,10968,2016
36468,956,"[35, 40)",M,566,13526,2016
36469,957,"[50, 55)",M,565,13525,2016
36470,958,"[35, 40)",M,191,12156,2016
36471,959,"[50, 55)",M,434,13128,2016
36472,960,"[30, 35)",M,2549,19499,2016
36473,961,"[45, 50)",M,1103,14877,2016
36474,962,"[60, 65)",F,3044,26201,2016
36475,963,"[75, 80)",M,3034,25682,2016
36476,964,"[50, 55)",M,2488,19205,2016
36477,965,"[45, 50)",M,162,11987,2016
36478,966,"[35, 40)",F,1699,16537,2016
36480,968,"[40, 45)",F,2334,18533,2016
36482,970,"[20, 25)",F,2721,20424,2016
36483,971,"[50, 55)",F,712,13944,2016
36484,972,"[30, 35)",M,563,13512,2016
36485,973,"[25, 30)",M,2021,17405,2016
36486,974,"[45, 50)",M,1358,15591,2016
36487,975,"[20, 25)",F,2207,17995,2016
36488,976,"[40, 45)",F,2671,20062,2016
36490,978,"[45, 50)",M,1889,17047,2016
36491,979,"[35, 40)",M,2909,22192,2016
36492,980,"[55, 60)",M,2285,18321,2016
36493,981,"[35, 40)",M,453,13184,2016
36495,983,"[40, 45)",M,2640,19863,2016
36496,984,"[30, 35)",F,2355,18621,2016
36497,985,"[45, 50)",M,2217,18041,2016
36498,986,"[35, 40)",M,785,14086,2016
36502,990,"[30, 35)",F,1416,15800,2016
36506,994,"[45, 50)",M,540,13457,2016
36507,995,"[50, 55)",F,2688,20226,2016
36509,997,"[20, 25)",M,2972,23489,2016
36510,998,"[45, 50)",M,2046,17490,2016
36512,1000,"[40, 45)",M,611,13641,2016
36514,1002,"[45, 50)",M,517,13377,2016
36515,1003,"[40, 45)",M,2050,17500,2016
36516,1004,"[30, 35)",M,2097,17636,2016
36517,1005,"[25, 30)",F,1777,16749,2016
36518,1006,"[25, 30)",M,106,11622,2016
36520,1008,"[40, 45)",M,245,12435,2016
36521,1009,"[40, 45)",M,2061,17521,2016
36522,1010,"[60, 65)",F,3035,25685,2016
36523,1011,"[35, 40)",F,2713,20370,2016
36524,1012,"[50, 55)",M,1071,14809,2016
36525,1013,"[35, 40)",M,865,14267,2016
36526,1014,"[25, 30)",F,2779,20927,2016
36527,1015,"[45, 50)",F,1355,15585,2016
36528,1016,"[50, 55)",M,1142,14960,2016
36529,1017,"[25, 30)",M,776,14071,2016
36530,1018,"[55, 60)",M,1603,16256,2016
36531,1019,"[45, 50)",F,2311,18411,2016
36533,1021,"[35, 40)",F,3029,25305,2016
36534,1022,"[25, 30)",M,1607,16273,2016
36535,1023,"[25, 30)",F,183,12139,2016
36537,1025,"[35, 40)",F,1570,16163,2016
36538,1026,"[40, 45)",F,1860,16968,2016
36539,1027,"[45, 50)",M,716,13957,2016
36540,1028,"[40, 45)",M,1237,15231,2016
36544,1032,"[40, 45)",M,1281,15379,2016
36545,1033,"[40, 45)",M,805,14135,2016
36546,1034,"[40, 45)",M,2511,19312,2016
36547,1035,"[20, 25)",F,1717,16589,2016
36548,1036,"[30, 35)",M,2123,17741,2016
36549,1037,"[30, 35)",M,2804,21110,2016
36551,1039,"[50, 55)",M,1051,14727,2016
36552,1040,"[40, 45)",M,2392,18835,2016
36554,1042,"[40, 45)",M,541,13460,2016
36555,1043,"[40, 45)",M,1541,16099,2016
36556,1044,"[45, 50)",M,1342,15551,2016
36557,1045,"[35, 40)",M,1781,16756,2016
36558,1046,"[40, 45)",M,652,13750,2016
36559,1047,"[35, 40)",M,232,12386,2016
36560,1048,"[25, 30)",F,2379,18755,2016
36561,1049,"[35, 40)",M,2382,18770,2016
36562,1050,"[40, 45)",F,2973,23492,2016
36563,1051,"[35, 40)",M,177,12085,2016
36564,1052,"[50, 55)",M,303,12637,2016
36565,1053,"[60, 65)",M,2439,19023,2016
36566,1054,"[20, 25)",M,1371,15647,2016
36568,1056,"[35, 40)",M,6,9776,2016
36569,1057,"[40, 45)",F,2632,19833,2016
36570,1058,"[30, 35)",F,825,14177,2016
36573,1061,"[35, 40)",F,2881,21927,2016
36574,1062,"[25, 30)",M,2095,17633,2016
36576,1064,"[25, 30)",M,2078,17563,2016
36577,1065,"[45, 50)",M,1581,16185,2016
36578,1066,"[15, 20)",M,2467,19108,2016
36579,1067,"[55, 60)",F,1113,14899,2016
36582,1070,"[40, 45)",F,2250,18175,2016
36583,1071,"[55, 60)",M,2843,21616,2016
36585,1073,"[35, 40)",F,1887,17043,2016
36587,1075,"[50, 55)",M,1460,15936,2016
36589,1077,"[25, 30)",F,228,12374,2016
36590,1078,"[40, 45)",F,2438,19022,2016
36591,1079,"[30, 35)",F,550,13479,2016
36592,1080,"[35, 40)",M,195,12189,2016
36593,1081,"[55, 60)",F,2962,23294,2016
36594,1082,"[45, 50)",M,144,11900,2016
36596,1084,"[45, 50)",F,2402,18883,2016
36598,1086,"[30, 35)",F,2211,18011,2016
36599,1087,"[50, 55)",M,269,12542,2016
36600,1088,"[40, 45)",F,1382,15693,2016
36601,1089,"[50, 55)",M,1859,16968,2016
36602,1090,"[45, 50)",F,1833,16895,2016
36603,1091,"[40, 45)",F,2002,17366,2016
36604,1092,"[45, 50)",F,1673,16454,2016
36605,1093,"[50, 55)",M,1698,16524,2016
36606,1094,"[30, 35)",M,114,11692,2016
36607,1095,"[35, 40)",M,1932,17160,2016
36611,1099,"[25, 30)",M,526,13418,2016
36614,1102,"[35, 40)",M,592,13588,2016
36615,1103,"[35, 40)",M,1392,15723,2016
36616,1104,"[40, 45)",M,939,14398,2016
36617,1105,"[35, 40)",F,2644,19889,2016
36618,1106,"[50, 55)",M,2510,19306,2016
36620,1108,"[50, 55)",M,416,13094,2016
36624,1112,"[30, 35)",F,2950,23072,2016
36625,1113,"[40, 45)",F,2005,17367,2016
36627,1115,"[40, 45)",M,1235,15229,2016
36628,1116,"[40, 45)",M,1415,15799,2016
36629,1117,"[25, 30)",M,780,14079,2016
36632,1120,"[35, 40)",M,1139,14957,2016
36634,1122,"[65, 70)",F,2997,24219,2016
36635,1123,"[50, 55)",F,1742,16642,2016
36636,1124,"[60, 65)",M,2126,17746,2016
36637,1125,"[50, 55)",M,1224,15185,2016
36641,1129,"[30, 35)",M,647,13737,2016
36642,1130,"[30, 35)",M,2258,18214,2016
36645,1133,"[40, 45)",F,1052,14739,2016
36647,1135,"[20, 25)",M,1639,16364,2016
36648,1136,"[45, 50)",M,1004,14579,2016
36650,1138,"[45, 50)",M,1996,17351,2016
36651,1139,"[30, 35)",M,1929,17152,2016
36652,1140,"[30, 35)",F,2339,18547,2016
36653,1141,"[40, 45)",M,2862,21754,2016
36654,1142,"[40, 45)",M,1305,15432,2016
36655,1143,"[15, 20)",M,1647,16383,2016
36659,1147,"[40, 45)",M,498,13325,2016
36660,1148,"[45, 50)",F,1984,17314,2016
36661,1149,"[40, 45)",M,446,13151,2016
36662,1150,"[45, 50)",F,2719,20408,2016
36663,1151,"[25, 30)",M,1690,16494,2016
36664,1152,"[50, 55)",M,2357,18624,2016
36665,1153,"[45, 50)",M,1672,16449,2016
36667,1155,"[25, 30)",F,2650,19909,2016
36669,1157,"[60, 65)",M,150,11946,2016
36670,1158,"[35, 40)",M,1286,15398,2016
36671,1159,"[30, 35)",F,2344,18582,2016
36672,1160,"[40, 45)",M,2239,18141,2016
36673,1161,"[45, 50)",F,1931,17155,2016
36674,1162,"[35, 40)",F,1440,15871,2016
36675,1163,"[25, 30)",F,1087,14842,2016
36677,1165,"[50, 55)",M,1211,15154,2016
36678,1166,"[35, 40)",M,1722,16593,2016
36682,1170,"[25, 30)",M,2280,18291,2016
36683,1171,"[20, 25)",M,388,12968,2016
36684,1172,"[30, 35)",F,1545,16100,2016
36685,1173,"[40, 45)",M,2265,18237,2016
36686,1174,"[30, 35)",M,2676,20120,2016
36687,1175,"[45, 50)",M,169,12013,2016
36688,1176,"[35, 40)",M,371,12903,2016
36689,1177,"[35, 40)",M,1168,15044,2016
36691,1179,"[40, 45)",F,2910,22237,2016
36692,1180,"[45, 50)",F,2118,17728,2016
36693,1181,"[50, 55)",F,2593,19668,2016
36697,1185,"[50, 55)",F,2564,19529,2016
36699,1187,"[45, 50)",F,661,13773,2016
36700,1188,"[35, 40)",M,917,14360,2016
36701,1189,"[50, 55)",M,251,12450,2016
36702,1190,"[45, 50)",M,580,13554,2016
36703,1191,"[40, 45)",M,58,11083,2016
36704,1192,"[30, 35)",F,2994,23991,2016
36705,1193,"[50, 55)",M,1515,16038,2016
36707,1195,"[70, 75)",M,2927,22531,2016
36711,1199,"[55, 60)",M,2739,20600,2016
36713,1201,"[40, 45)",M,705,13921,2016
36715,1203,"[55, 60)",F,2993,23989,2016
36716,1204,"[30, 35)",M,2427,18985,2016
36717,1205,"[30, 35)",F,274,12560,2016
36718,1206,"[35, 40)",F,2008,17372,2016
36720,1208,"[55, 60)",F,2358,18624,2016
36722,1210,"[35, 40)",F,1869,16984,2016
36723,1211,"[40, 45)",F,2572,19583,2016
36724,1212,"[25, 30)",M,1725,16614,2016
36725,1213,"[35, 40)",M,1534,16087,2016
36726,1214,"[35, 40)",F,711,13937,2016
36727,1215,"[45, 50)",M,2165,17876,2016
36728,1216,"[40, 45)",M,3043,25954,2016
36729,1217,"[50, 55)",M,151,11949,2016
36731,1219,"[45, 50)",M,1120,14916,2016
36733,1221,"[35, 40)",F,1958,17242,2016
36734,1222,"[55, 60)",M,1606,16272,2016
36735,1223,"[30, 35)",M,945,14418,2016
36736,1224,"[40, 45)",M,1747,16659,2016
36738,1226,"[35, 40)",M,1771,16733,2016
36739,1227,"[50, 55)",F,2914,22328,2016
36741,1229,"[55, 60)",M,2783,20941,2016
36742,1230,"[20, 25)",F,361,12853,2016
36743,1231,"[30, 35)",M,1345,15556,2016
36744,1232,"[35, 40)",F,1353,15582,2016
36745,1233,"[35, 40)",M,920,14363,2016
36748,1236,"[35, 40)",F,729,13981,2016
36749,1237,"[30, 35)",M,54,11058,2016
36750,1238,"[30, 35)",M,1447,15897,2016
36751,1239,"[45, 50)",M,1331,15520,2016
36753,1241,"[30, 35)",M,389,12973,2016
36754,1242,"[35, 40)",M,1117,14912,2016
36756,1244,"[45, 50)",F,2486,19199,2016
36758,1246,"[40, 45)",M,1032,14683,2016
36759,1247,"[25, 30)",F,2476,19161,2016
36760,1248,"[50, 55)",M,359,12843,2016
36761,1249,"[40, 45)",M,814,14152,2016
36763,1251,"[25, 30)",M,1477,15961,2016
36764,1252,"[55, 60)",F,2048,17499,2016
36765,1253,"[20, 25)",F,2166,17879,2016
36767,1255,"[30, 35)",F,1674,16454,2016
36769,1257,"[40, 45)",M,2081,17575,2016
36770,1258,"[40, 45)",M,2521,19339,2016
36771,1259,"[45, 50)",M,854,14241,2016
36773,1261,"[50, 55)",M,518,13380,2016
36775,1263,"[50, 55)",M,1036,14689,2016
36776,1264,"[30, 35)",M,2263,18226,2016
36777,1265,"[35, 40)",M,407,13043,2016
36778,1266,"[35, 40)",F,346,12798,2016
36779,1267,"[40, 45)",M,185,12141,2016
36781,1269,"[25, 30)",F,1249,15264,2016
36782,1270,"[40, 45)",M,2450,19050,2016
36783,1271,"[40, 45)",M,2868,21800,2016
36784,1272,"[50, 55)",M,864,14263,2016
36785,1273,"[35, 40)",M,1617,16305,2016
36787,1275,"[30, 35)",F,3005,24541,2016
36789,1277,"[45, 50)",M,2532,19388,2016
36790,1278,"[40, 45)",F,2864,21776,2016
36791,1279,"[30, 35)",F,1082,14834,2016
36792,1280,"[25, 30)",M,692,13881,2016
36794,1282,"[35, 40)",M,1850,16954,2016
36796,1284,"[25, 30)",F,2284,18318,2016
36797,1285,"[45, 50)",M,2395,18846,2016
36799,1287,"[55, 60)",M,1846,16943,2016
36800,1288,"[40, 45)",M,2724,20488,2016
36803,1291,"[25, 30)",M,2570,19552,2016
36804,1292,"[30, 35)",M,935,14393,2016
36805,1293,"[45, 50)",M,1735,16630,2016
36806,1294,"[50, 55)",M,1751,16669,2016
36808,1296,"[45, 50)",M,1078,14822,2016
36810,1298,"[50, 55)",M,175,12081,2016
36811,1299,"[40, 45)",M,1170,15048,2016
36812,1300,"[35, 40)",M,1960,17246,2016
36815,1302,"[40, 45)",M,2213,18020,2016
36816,1303,"[40, 45)",M,914,14357,2016
36817,1304,"[35, 40)",M,944,14410,2016
36818,1305,"[40, 45)",F,2622,19791,2016
36819,1306,"[30, 35)",M,523,13407,2016
36820,1307,"[40, 45)",M,1332,15521,2016
36821,1308,"[25, 30)",M,714,13948,2016
36822,1309,"[25, 30)",M,961,14462,2016
36823,1310,"[25, 30)",M,2539,19432,2016
36824,1311,"[25, 30)",M,1511,16030,2016
36825,1312,"[65, 70)",M,2224,18085,2016
36826,1313,"[30, 35)",M,366,12881,2016
36827,1314,"[35, 40)",F,2833,21430,2016
36828,1315,"[20, 25)",M,386,12965,2016
36833,1320,"[50, 55)",M,992,14547,2016
36834,1321,"[45, 50)",M,655,13761,2016
36835,1322,"[30, 35)",M,1171,15057,2016
36836,1323,"[35, 40)",M,2162,17868,2016
36839,1326,"[35, 40)",M,1828,16880,2016
36840,1327,"[30, 35)",M,630,13691,2016
36843,1330,"[40, 45)",F,1474,15960,2016
36844,1331,"[40, 45)",M,2418,18941,2016
36845,1332,"[40, 45)",M,234,12393,2016
36847,1334,"[25, 30)",F,1437,15862,2016
36848,1335,"[25, 30)",M,204,12258,2016
36850,1337,"[45, 50)",M,2508,19293,2016
36852,1338,"[50, 55)",M,2139,17787,2016
36853,1339,"[45, 50)",M,1363,15610,2016
36854,1340,"[40, 45)",F,1403,15760,2016
36856,1342,"[35, 40)",M,857,14249,2016
36861,1347,"[45, 50)",F,1359,15600,2016
36863,1349,"[45, 50)",M,409,13056,2016
36864,1350,"[40, 45)",M,1119,14914,2016
36865,1351,"[35, 40)",M,1745,16653,2016
36866,1352,"[35, 40)",M,2115,17715,2016
36868,1354,"[55, 60)",F,1529,16072,2016
36870,1356,"[45, 50)",M,696,13898,2016
36872,1358,"[30, 35)",M,198,12213,2016
36873,1359,"[45, 50)",F,1938,17188,2016
36874,1360,"[40, 45)",M,3028,25298,2016
36875,1361,"[30, 35)",F,2828,21330,2016
36876,1362,"[40, 45)",M,1033,14683,2016
36877,1363,"[45, 50)",M,2220,18075,2016
36880,1366,"[35, 40)",M,553,13489,2016
36881,1367,"[60, 65)",M,2431,19001,2016
36882,1368,"[30, 35)",M,929,14380,2016
36883,1369,"[40, 45)",M,2603,19703,2016
36888,1374,"[40, 45)",M,1043,14702,2016
36889,1375,"[40, 45)",M,1272,15338,2016
36890,1376,"[50, 55)",F,2999,24336,2016
36892,1378,"[40, 45)",F,1616,16305,2016
36894,1380,"[25, 30)",F,1708,16562,2016
36895,1381,"[30, 35)",F,2808,21142,2016
36898,1384,"[30, 35)",F,2738,20582,2016
36899,1385,"[50, 55)",M,1181,15086,2016
36900,1386,"[30, 35)",M,577,13552,2016
36901,1387,"[25, 30)",F,923,14365,2016
36902,1388,"[40, 45)",M,2054,17506,2016
36903,1389,"[35, 40)",M,1772,16737,2016
36904,1390,"[30, 35)",F,2113,17702,2016
36906,1392,"[35, 40)",M,801,14123,2016
36907,1393,"[30, 35)",F,2273,18266,2016
36908,1394,"[45, 50)",M,72,11217,2016
36909,1395,"[25, 30)",F,687,13855,2016
36910,1396,"[35, 40)",M,18,10660,2016
36911,1397,"[25, 30)",M,964,14468,2016
36912,1398,"[25, 30)",M,2085,17583,2016
36913,1399,"[35, 40)",M,1114,14906,2016
36914,1400,"[40, 45)",M,1003,14578,2016
36916,1402,"[35, 40)",M,406,13038,2016
36917,1403,"[35, 40)",M,1463,15937,2016
36919,1405,"[20, 25)",M,135,11859,2016
36921,1407,"[40, 45)",F,1424,15815,2016
36922,1408,"[55, 60)",M,2867,21785,2016
36923,1409,"[35, 40)",F,1658,16423,2016
36925,1411,"[40, 45)",F,1381,15691,2016
36926,1412,"[35, 40)",M,586,13571,2016
36927,1413,"[35, 40)",F,1104,14883,2016
36928,1414,"[25, 30)",M,2015,17393,2016
36930,1416,"[40, 45)",M,1620,16308,2016
36931,1417,"[40, 45)",M,3,9723,2016
36934,1420,"[35, 40)",F,2747,20680,2016
36935,1421,"[45, 50)",F,1832,16884,2016
36936,1422,"[40, 45)",F,2525,19356,2016
36937,1423,"[40, 45)",M,560,13506,2016
36938,1424,"[30, 35)",M,728,13979,2016
36939,1425,"[30, 35)",M,1434,15844,2016
36940,1426,"[45, 50)",M,104,11613,2016
36942,1428,"[30, 35)",M,264,12529,2016
36944,1430,"[45, 50)",M,1744,16649,2016
36945,1431,"[40, 45)",M,1426,15818,2016
36946,1432,"[35, 40)",M,1275,15359,2016
36947,1433,"[40, 45)",M,1524,16058,2016
36948,1434,"[20, 25)",M,1854,16961,2016
36951,1436,"[30, 35)",M,2403,18883,2016
36952,1437,"[40, 45)",M,2387,18800,2016
36953,1438,"[35, 40)",M,1432,15840,2016
36954,1439,"[25, 30)",M,433,13123,2016
36959,1444,"[50, 55)",M,1923,17114,2016
36960,1445,"[40, 45)",F,3013,24724,2016
36961,1446,"[50, 55)",M,1001,14573,2016
36962,1447,"[30, 35)",M,2889,22005,2016
36963,1448,"[35, 40)",M,510,13363,2016
36964,1449,"[35, 40)",M,1334,15528,2016
36965,1450,"[35, 40)",M,1374,15654,2016
36966,1451,"[25, 30)",F,1935,17179,2016
36967,1452,"[60, 65)",M,431,13117,2016
36969,1454,"[40, 45)",F,1748,16660,2016
36971,1456,"[35, 40)",M,2674,20090,2016
36972,1457,"[35, 40)",M,1070,14808,2016
36973,1458,"[40, 45)",F,2866,21777,2016
36975,1460,"[35, 40)",F,2863,21776,2016
36976,1461,"[35, 40)",M,2764,20828,2016
36978,1463,"[40, 45)",M,223,12360,2016
36980,1465,"[50, 55)",M,467,13239,2016
36982,1467,"[45, 50)",F,1483,15968,2016
36983,1468,"[35, 40)",M,1232,15227,2016
36984,1469,"[25, 30)",F,691,13880,2016
36985,1470,"[40, 45)",M,977,14508,2016
36988,1473,"[30, 35)",M,1115,14911,2016
36989,1474,"[35, 40)",M,396,13002,2016
36990,1475,"[35, 40)",M,1726,16615,2016
36991,1476,"[35, 40)",F,2826,21296,2016
36993,1478,"[50, 55)",M,2000,17364,2016
36996,1481,"[35, 40)",F,1640,16366,2016
36997,1482,"[55, 60)",F,3024,25005,2016
36998,1483,"[55, 60)",M,1128,14938,2016
36999,1484,"[40, 45)",M,2821,21258,2016
37000,1485,"[50, 55)",M,2503,19265,2016
37001,1486,"[35, 40)",M,1147,14973,2016
37002,1487,"[25, 30)",M,227,12372,2016
37003,1488,"[30, 35)",M,575,13549,2016
37004,1489,"[45, 50)",M,1017,14627,2016
37005,1490,"[50, 55)",M,818,14159,2016
37007,1492,"[65, 70)",M,2103,17680,2016
37009,1494,"[45, 50)",F,2424,18977,2016
37010,1495,"[35, 40)",F,797,14112,2016
37012,1497,"[40, 45)",M,1389,15715,2016
37013,1498,"[65, 70)",M,2489,19206,2016
37014,1499,"[35, 40)",M,115,11698,2016
37016,1501,"[40, 45)",M,781,14080,2016
37019,1504,"[30, 35)",F,795,14109,2016
37020,1505,"[40, 45)",M,537,13453,2016
37021,1506,"[35, 40)",M,410,13062,2016
37023,1508,"[50, 55)",M,2887,21998,2016
37024,1509,"[25, 30)",M,590,13587,2016
37025,1510,"[20, 25)",M,369,12892,2016
37026,1511,"[30, 35)",M,2416,18938,2016
37027,1512,"[35, 40)",F,665,13783,2016
37028,1513,"[45, 50)",M,1212,15156,2016
37031,1516,"[40, 45)",M,1501,16010,2016
37032,1517,"[60, 65)",M,683,13852,2016
37033,1518,"[60, 65)",M,2791,20990,2016
37037,1522,"[30, 35)",M,189,12153,2016
37038,1523,"[15, 20)",F,1780,16754,2016
37040,1525,"[30, 35)",M,1405,15764,2016
37041,1526,"[40, 45)",F,1441,15872,2016
37042,1527,"[35, 40)",M,2681,20155,2016
37043,1528,"[40, 45)",F,1356,15585,2016
37044,1529,"[30, 35)",M,2762,20810,2016
37046,1531,"[60, 65)",M,2971,23460,2016
37047,1532,"[45, 50)",M,1429,15837,2016
37048,1533,"[50, 55)",M,341,12778,2016
37049,1534,"[25, 30)",M,2396,18855,2016
37050,1535,"[40, 45)",M,558,13499,2016
37052,1537,"[45, 50)",F,2318,18456,2016
37054,1539,"[40, 45)",M,42,10922,2016
37055,1540,"[35, 40)",F,1205,15140,2016
37056,1541,"[70, 75)",M,2465,19106,2016
37057,1542,"[45, 50)",M,1750,16663,2016
37058,1543,"[40, 45)",F,1083,14834,2016
37060,1545,"[30, 35)",M,2607,19711,2016
37061,1546,"[45, 50)",M,1290,15403,2016
37062,1547,"[40, 45)",M,340,12776,2016
37063,1548,"[40, 45)",F,1303,15429,2016
37064,1549,"[30, 35)",M,458,13206,2016
37065,1550,"[25, 30)",M,1927,17144,2016
37066,1551,"[30, 35)",M,717,13959,2016
37067,1552,"[40, 45)",M,2003,17366,2016
37068,1553,"[40, 45)",M,1766,16721,2016
37069,1554,"[50, 55)",F,740,14004,2016
37071,1556,"[20, 25)",F,2474,19151,2016
37072,1557,"[25, 30)",F,2849,21664,2016
37073,1558,"[55, 60)",M,2582,19626,2016
37075,1560,"[25, 30)",M,2938,22772,2016
37077,1562,"[45, 50)",M,1274,15357,2016
37078,1563,"[45, 50)",M,2661,19988,2016
37080,1565,"[40, 45)",F,1622,16309,2016
37081,1566,"[35, 40)",M,930,14384,2016
37083,1568,"[40, 45)",M,1644,16377,2016
37084,1569,"[35, 40)",M,155,11961,2016
37085,1570,"[40, 45)",M,298,12628,2016
37086,1571,"[25, 30)",F,2886,21987,2016
37087,1572,"[35, 40)",M,2149,17824,2016
37088,1573,"[35, 40)",F,1385,15702,2016
37089,1574,"[25, 30)",M,674,13826,2016
37091,1576,"[35, 40)",M,397,13004,2016
37092,1577,"[25, 30)",F,1072,14812,2016
37093,1578,"[25, 30)",M,1165,15034,2016
37094,1579,"[20, 25)",F,1413,15793,2016
37095,1580,"[45, 50)",F,2153,17839,2016
37096,1581,"[50, 55)",F,719,13962,2016
37098,1583,"[60, 65)",F,2385,18782,2016
37099,1584,"[30, 35)",M,1572,16164,2016
37100,1585,"[30, 35)",M,1585,16199,2016
37101,1586,"[40, 45)",M,1341,15548,2016
37102,1587,"[35, 40)",M,675,13828,2016
37103,1588,"[35, 40)",F,870,14277,2016
37105,1590,"[25, 30)",M,2519,19326,2016
37107,1592,"[45, 50)",F,2092,17620,2016
37109,1594,"[50, 55)",M,2278,18281,2016
37111,1596,"[30, 35)",M,615,13648,2016
37113,1598,"[55, 60)",M,2939,22791,2016
37114,1599,"[35, 40)",M,1379,15687,2016
37115,1600,"[30, 35)",F,2556,19517,2016
37116,1601,"[50, 55)",M,1378,15681,2016
37117,1602,"[25, 30)",M,332,12733,2016
37119,1604,"[70, 75)",M,2545,19483,2016
37120,1605,"[50, 55)",M,1026,14659,2016
37121,1606,"[40, 45)",M,557,13497,2016
37123,1608,"[25, 30)",F,1764,16715,2016
37124,1609,"[30, 35)",F,2493,19217,2016
37125,1610,"[25, 30)",M,309,12649,2016
37126,1611,"[35, 40)",M,2639,19856,2016
37127,1612,"[30, 35)",F,2584,19627,2016
37128,1613,"[20, 25)",M,855,14241,2016
37129,1614,"[40, 45)",M,1914,17105,2016
37130,1615,"[45, 50)",M,811,14145,2016
37131,1616,"[25, 30)",F,2755,20743,2016
37132,1617,"[35, 40)",M,1618,16307,2016
37133,1618,"[30, 35)",M,2389,18809,2016
37134,1619,"[20, 25)",F,2858,21746,2016
37135,1620,"[45, 50)",M,2602,19699,2016
37137,1622,"[35, 40)",M,1947,17214,2016
37138,1623,"[55, 60)",F,1738,16636,2016
37139,1624,"[50, 55)",M,706,13921,2016
37140,1625,"[35, 40)",F,508,13356,2016
37142,1627,"[30, 35)",M,1451,15910,2016
37143,1628,"[35, 40)",F,1787,16769,2016
37144,1629,"[60, 65)",F,2967,23306,2016
37145,1630,"[30, 35)",M,1060,14773,2016
37148,1633,"[20, 25)",F,2925,22507,2016
37149,1634,"[40, 45)",M,2897,22120,2016
37150,1635,"[45, 50)",M,1189,15103,2016
37151,1636,"[40, 45)",M,2813,21212,2016
37152,1637,"[40, 45)",M,1230,15209,2016
37153,1638,"[30, 35)",F,3038,25776,2016
37154,1639,"[30, 35)",F,1544,16100,2016
37155,1640,"[45, 50)",F,2794,21013,2016
37156,1641,"[25, 30)",F,855,14241,2016
37157,1642,"[30, 35)",F,2668,20017,2016
37158,1643,"[50, 55)",M,897,14330,2016
37160,1645,"[65, 70)",F,1678,16456,2016
37161,1646,"[35, 40)",M,955,14447,2016
37162,1647,"[40, 45)",M,1184,15092,2016
37163,1648,"[20, 25)",M,390,12977,2016
37165,1650,"[50, 55)",F,2254,18195,2016
37167,1652,"[45, 50)",F,1632,16347,2016
37168,1653,"[30, 35)",M,947,14420,2016
37169,1654,"[40, 45)",F,2168,17881,2016
37170,1655,"[45, 50)",F,2368,18711,2016
37171,1656,"[25, 30)",M,1913,17105,2016
37172,1657,"[25, 30)",M,2067,17534,2016
37174,1659,"[55, 60)",M,520,13397,2016
37175,1660,"[20, 25)",F,2926,22507,2016
37176,1661,"[35, 40)",M,20,10701,2016
37177,1662,"[35, 40)",M,1329,15514,2016
37178,1663,"[40, 45)",F,1213,15157,2016
37180,1665,"[45, 50)",M,2803,21086,2016
37182,1667,"[20, 25)",M,2784,20941,2016
37185,1670,"[30, 35)",F,1941,17191,2016
37186,1671,"[55, 60)",F,2692,20256,2016
37188,1673,"[55, 60)",M,2720,20414,2016
37189,1674,"[50, 55)",F,2563,19528,2016
37193,1678,"[30, 35)",F,418,13097,2016
37195,1680,"[60, 65)",M,2769,20837,2016
37196,1681,"[35, 40)",F,1085,14834,2016
37197,1682,"[35, 40)",F,2143,17798,2016
37199,1684,"[40, 45)",M,1245,15248,2016
37200,1685,"[30, 35)",M,1231,15220,2016
37201,1686,"[30, 35)",M,1126,14935,2016
37202,1687,"[45, 50)",M,1588,16202,2016
37203,1688,"[45, 50)",M,2953,23183,2016
37204,1689,"[40, 45)",M,551,13484,2016
37205,1690,"[30, 35)",M,1888,17044,2016
37206,1691,"[45, 50)",F,256,12482,2016
37210,1695,"[25, 30)",M,1109,14892,2016
37211,1696,"[40, 45)",M,1177,15071,2016
37212,1697,"[35, 40)",F,2654,19923,2016
37213,1698,"[25, 30)",F,967,14471,2016
37214,1699,"[60, 65)",M,1239,15237,2016
37217,1702,"[40, 45)",F,2704,20328,2016
37218,1703,"[35, 40)",M,987,14534,2016
37220,1705,"[20, 25)",M,83,11382,2016
37221,1706,"[40, 45)",M,1776,16749,2016
37222,1707,"[35, 40)",M,2426,18984,2016
37223,1708,"[30, 35)",M,320,12678,2016
37224,1709,"[40, 45)",F,2425,18980,2016
37225,1710,"[45, 50)",M,1830,16884,2016
37226,1711,"[35, 40)",F,2065,17527,2016
37228,1713,"[30, 35)",F,2482,19191,2016
37229,1714,"[50, 55)",M,2679,20134,2016
37232,1717,"[35, 40)",M,2689,20232,2016
37233,1718,"[35, 40)",M,343,12791,2016
37234,1719,"[25, 30)",F,2553,19508,2016
37237,1722,"[40, 45)",M,250,12449,2016
37238,1723,"[30, 35)",M,1788,16771,2016
37239,1724,"[30, 35)",M,544,13464,2016
37242,1727,"[40, 45)",M,1755,16686,2016
37244,1729,"[30, 35)",F,2191,17942,2016
37245,1730,"[40, 45)",M,1473,15960,2016
37246,1731,"[35, 40)",F,1928,17150,2016
37249,1734,"[35, 40)",M,2520,19333,2016
37250,1735,"[40, 45)",M,1601,16251,2016
37252,1737,"[45, 50)",M,1077,14821,2016
37255,1740,"[45, 50)",M,130,11813,2016
37256,1741,"[50, 55)",M,1874,17010,2016
37257,1742,"[50, 55)",M,2107,17691,2016
37258,1743,"[40, 45)",M,392,12983,2016
37259,1744,"[35, 40)",M,2354,18615,2016
37260,1745,"[35, 40)",M,1000,14573,2016
37261,1746,"[30, 35)",M,1684,16471,2016
37263,1748,"[20, 25)",M,2726,20496,2016
37264,1749,"[40, 45)",F,745,14012,2016
37267,1752,"[20, 25)",F,894,14330,2016
37269,1754,"[40, 45)",F,2899,22128,2016
37271,1756,"[60, 65)",M,3023,25002,2016
37276,1761,"[30, 35)",M,1006,14586,2016
37278,1763,"[50, 55)",M,1679,16461,2016
37279,1764,"[35, 40)",M,950,14435,2016
37281,1766,"[25, 30)",M,900,14334,2016
37282,1767,"[45, 50)",M,421,13099,2016
37283,1768,"[25, 30)",F,1339,15541,2016
37285,1770,"[40, 45)",M,233,12388,2016
37286,1771,"[30, 35)",F,2580,19613,2016
37288,1773,"[35, 40)",M,608,13633,2016
37289,1774,"[25, 30)",F,2801,21066,2016
37291,1776,"[40, 45)",F,2246,18162,2016
37292,1777,"[35, 40)",M,535,13446,2016
37294,1779,"[35, 40)",M,89,11420,2016
37295,1780,"[25, 30)",M,1986,17317,2016
37296,1781,"[35, 40)",F,2823,21286,2016
37298,1783,"[45, 50)",F,2330,18520,2016
37299,1784,"[25, 30)",F,2364,18677,2016
37301,1786,"[25, 30)",F,345,12796,2016
37303,1788,"[30, 35)",F,872,14280,2016
37304,1789,"[35, 40)",M,562,13509,2016
37305,1790,"[15, 20)",F,2798,21037,2016
37306,1791,"[60, 65)",M,2963,23294,2016
37309,1794,"[45, 50)",M,743,14009,2016
37310,1795,"[35, 40)",M,314,12661,2016
37311,1796,"[20, 25)",F,2924,22505,2016
37312,1797,"[45, 50)",M,656,13762,2016
37314,1799,"[45, 50)",F,1542,16100,2016
37315,1800,"[50, 55)",M,342,12791,2016
37316,1801,"[35, 40)",M,2705,20329,2016
37317,1802,"[45, 50)",M,2531,19387,2016
37318,1803,"[30, 35)",F,2905,22184,2016
37319,1804,"[40, 45)",F,2051,17500,2016
37321,1806,"[30, 35)",M,239,12411,2016
37323,1808,"[25, 30)",M,1297,15424,2016
37324,1809,"[40, 45)",F,1116,14912,2016
37325,1810,"[30, 35)",F,751,14018,2016
37327,1812,"[25, 30)",M,3046,27011,2016
37328,1813,"[15, 20)",M,1609,16276,2016
37329,1814,"[30, 35)",F,895,14330,2016
37330,1815,"[30, 35)",F,734,13988,2016
37334,1819,"[35, 40)",M,1172,15058,2016
37335,1820,"[35, 40)",M,2266,18238,2016
37336,1821,"[40, 45)",F,2188,17939,2016
37337,1822,"[40, 45)",M,1304,15430,2016
37338,1823,"[25, 30)",F,357,12841,2016
37339,1824,"[55, 60)",M,1058,14768,2016
37340,1825,"[40, 45)",M,1400,15747,2016
37343,1828,"[55, 60)",F,2964,23295,2016
37344,1829,"[55, 60)",M,927,14376,2016
37347,1832,"[50, 55)",M,1621,16309,2016
37348,1833,"[30, 35)",M,2736,20577,2016
37349,1834,"[40, 45)",M,109,11666,2016
37350,1835,"[55, 60)",F,2172,17901,2016
37351,1836,"[60, 65)",M,749,14017,2016
37352,1837,"[30, 35)",M,1277,15365,2016
37353,1838,"[50, 55)",M,739,13999,2016
37354,1839,"[45, 50)",M,380,12951,2016
37355,1840,"[35, 40)",M,1583,16190,2016
37356,1841,"[55, 60)",M,2129,17754,2016
37357,1842,"[30, 35)",F,1209,15147,2016
37359,1844,"[60, 65)",F,2929,22603,2016
37360,1845,"[75, 80)",M,2106,17689,2016
37362,1847,"[35, 40)",M,1421,15810,2016
37364,1849,"[40, 45)",F,1800,16803,2016
37366,1851,"[40, 45)",F,1489,15987,2016
37367,1852,"[40, 45)",F,3020,24832,2016
37369,1854,"[40, 45)",M,1648,16385,2016
37370,1855,"[35, 40)",F,2164,17874,2016
37371,1856,"[35, 40)",M,2729,20529,2016
37374,1859,"[25, 30)",F,1560,16131,2016
37375,1860,"[35, 40)",F,1279,15366,2016
37378,1863,"[25, 30)",M,1919,17107,2016
37379,1864,"[35, 40)",F,3031,25365,2016
37380,1865,"[45, 50)",M,2975,23517,2016
37382,1867,"[25, 30)",F,2174,17910,2016
37383,1868,"[45, 50)",M,2969,23312,2016
37386,1871,"[30, 35)",F,2247,18163,2016
37387,1872,"[50, 55)",M,2619,19783,2016
37388,1873,"[40, 45)",M,2345,18584,2016
37389,1874,"[30, 35)",M,573,13548,2016
37391,1876,"[45, 50)",F,1969,17267,2016
37392,1877,"[20, 25)",M,133,11830,2016
37393,1878,"[40, 45)",M,199,12213,2016
37394,1879,"[25, 30)",M,690,13878,2016
37397,1882,"[40, 45)",M,1380,15689,2016
37398,1883,"[40, 45)",M,943,14408,2016
37399,1884,"[40, 45)",F,2961,23291,2016
37401,1886,"[45, 50)",M,922,14364,2016
37402,1887,"[30, 35)",F,819,14160,2016
37403,1888,"[35, 40)",F,2627,19808,2016
37405,1890,"[40, 45)",M,904,14338,2016
37406,1891,"[65, 70)",M,2900,22132,2016
37407,1892,"[35, 40)",M,1132,14943,2016
37409,1894,"[40, 45)",M,883,14312,2016
37410,1895,"[35, 40)",M,747,14016,2016
37411,1896,"[45, 50)",M,415,13090,2016
37412,1897,"[45, 50)",F,2384,18780,2016
37415,1900,"[40, 45)",F,2904,22184,2016
37419,1904,"[35, 40)",M,1081,14830,2016
37420,1905,"[40, 45)",M,750,14017,2016
37421,1906,"[30, 35)",M,593,13593,2016
37422,1907,"[25, 30)",M,2428,18992,2016
37423,1908,"[40, 45)",F,1837,16909,2016
37425,1910,"[40, 45)",F,1957,17240,2016
37426,1911,"[55, 60)",M,1260,15294,2016
37427,1912,"[45, 50)",F,2888,22002,2016
37428,1913,"[45, 50)",M,1779,16751,2016
37431,1916,"[30, 35)",F,2388,18803,2016
37434,1919,"[35, 40)",M,1481,15965,2016
37435,1920,"[40, 45)",M,310,12653,2016
37436,1921,"[50, 55)",M,2244,18161,2016
37437,1922,"[45, 50)",M,770,14058,2016
37438,1923,"[60, 65)",M,1568,16149,2016
37439,1924,"[35, 40)",F,2198,17981,2016
37441,1926,"[35, 40)",M,1895,17058,2016
37444,1929,"[30, 35)",F,2624,19800,2016
37445,1930,"[35, 40)",M,612,13642,2016
37446,1931,"[25, 30)",M,1790,16771,2016
37447,1932,"[45, 50)",M,2716,20404,2016
37448,1933,"[25, 30)",F,2911,22249,2016
37450,1935,"[50, 55)",F,2561,19527,2016
37451,1936,"[20, 25)",F,2930,22643,2016
37452,1937,"[50, 55)",F,1998,17361,2016
37453,1938,"[45, 50)",M,2893,22100,2016
37458,1943,"[20, 25)",F,2785,20945,2016
37460,1945,"[30, 35)",F,798,14112,2016
37461,1946,"[60, 65)",M,2177,17912,2016
37462,1947,"[50, 55)",M,2366,18690,2016
37463,1948,"[30, 35)",F,1856,16961,2016
37465,1950,"[40, 45)",F,1197,15125,2016
37468,1953,"[50, 55)",M,956,14450,2016
37469,1954,"[45, 50)",M,1372,15648,2016
37470,1955,"[35, 40)",F,1248,15262,2016
37471,1956,"[55, 60)",M,554,13493,2016
37474,1959,"[40, 45)",M,534,13445,2016
37477,1962,"[25, 30)",F,2524,19351,2016
37480,1965,"[35, 40)",M,2322,18470,2016
37481,1966,"[15, 20)",F,2746,20676,2016
37483,1968,"[25, 30)",F,1939,17188,2016
37484,1969,"[30, 35)",F,1269,15336,2016
37485,1970,"[30, 35)",M,1942,17202,2016
37487,1972,"[40, 45)",F,1963,17251,2016
37489,1974,"[35, 40)",M,1019,14637,2016
37490,1975,"[25, 30)",F,542,13460,2016
37491,1976,"[30, 35)",M,1185,15094,2016
37492,1977,"[30, 35)",M,1610,16280,2016
37493,1978,"[60, 65)",M,1407,15770,2016
37494,1979,"[35, 40)",M,2445,19038,2016
37495,1980,"[50, 55)",F,1922,17113,2016
37497,1982,"[50, 55)",M,2056,17509,2016
37498,1983,"[25, 30)",F,379,12948,2016
37499,1984,"[35, 40)",F,2554,19510,2016
37500,1985,"[35, 40)",F,2772,20860,2016
37501,1986,"[35, 40)",M,1163,15032,2016
37503,1988,"[40, 45)",M,2949,23072,2016
37505,1990,"[35, 40)",M,1021,14642,2016
37506,1991,"[30, 35)",F,2817,21226,2016
37507,1992,"[30, 35)",M,2397,18857,2016
37508,1993,"[45, 50)",M,159,11981,2016
37509,1994,"[30, 35)",F,2751,20700,2016
37510,1995,"[35, 40)",M,171,12041,2016
37511,1996,"[40, 45)",F,2147,17819,2016
37512,1997,"[45, 50)",M,2481,19186,2016
37514,1999,"[30, 35)",F,1438,15862,2016
37515,2000,"[65, 70)",F,3000,24362,2016
37517,2002,"[40, 45)",M,959,14456,2016
37518,2003,"[40, 45)",M,546,13471,2016
37519,2004,"[30, 35)",M,980,14510,2016
37520,2005,"[25, 30)",F,1535,16088,2016
37521,2006,"[45, 50)",M,1861,16971,2016
37522,2007,"[40, 45)",F,201,12224,2016
37523,2008,"[35, 40)",F,2782,20930,2016
37524,2009,"[40, 45)",F,1354,15585,2016
37525,2010,"[25, 30)",F,2419,18942,2016
37526,2011,"[45, 50)",F,701,13907,2016
37527,2012,"[35, 40)",M,2811,21163,2016
37528,2013,"[25, 30)",F,311,12655,2016
37533,2018,"[50, 55)",M,2859,21747,2016
37534,2019,"[35, 40)",M,350,12809,2016
37535,2020,"[35, 40)",F,1677,16455,2016
37537,2022,"[40, 45)",M,2,9712,2016
37538,2023,"[50, 55)",M,259,12501,2016
37540,2025,"[35, 40)",M,2059,17514,2016
37541,2026,"[40, 45)",F,2655,19940,2016
37542,2027,"[40, 45)",F,2966,23298,2016
37543,2028,"[45, 50)",M,1108,14889,2016
37544,2029,"[25, 30)",F,890,14320,2016
37545,2030,"[45, 50)",M,2210,18008,2016
37546,2031,"[50, 55)",M,1765,16718,2016
37548,2033,"[30, 35)",F,2625,19805,2016
37550,2035,"[25, 30)",M,325,12717,2016
37552,2037,"[20, 25)",F,1731,16624,2016
37554,2039,"[40, 45)",M,9,10205,2016
37555,2040,"[35, 40)",M,123,11770,2016
37556,2041,"[45, 50)",M,2063,17525,2016
37559,2044,"[30, 35)",M,1462,15937,2016
37561,2046,"[30, 35)",F,1881,17032,2016
37562,2047,"[50, 55)",M,1240,15239,2016
37563,2048,"[25, 30)",M,1025,14657,2016
37565,2050,"[40, 45)",F,1011,14601,2016
37566,2051,"[50, 55)",M,1904,17089,2016
37567,2052,"[45, 50)",M,1803,16816,2016
37568,2053,"[50, 55)",M,1966,17259,2016
37570,2055,"[40, 45)",F,1911,17101,2016
37571,2056,"[40, 45)",M,543,13464,2016
37572,2057,"[40, 45)",F,35,10886,2016
37573,2058,"[45, 50)",M,2694,20267,2016
37574,2059,"[20, 25)",M,1756,16688,2016
37575,2060,"[35, 40)",M,2585,19627,2016
37577,2062,"[35, 40)",M,1311,15461,2016
37578,2063,"[30, 35)",M,1692,16501,2016
37579,2064,"[45, 50)",M,381,12957,2016
37580,2065,"[30, 35)",M,2484,19192,2016
37581,2066,"[25, 30)",M,1456,15917,2016
37582,2067,"[35, 40)",M,802,14124,2016
37583,2068,"[30, 35)",M,763,14045,2016
37584,2069,"[35, 40)",M,1312,15464,2016
37585,2070,"[55, 60)",M,263,12526,2016
37586,2071,"[30, 35)",F,2184,17925,2016
37587,2072,"[45, 50)",M,1268,15328,2016
37589,2074,"[25, 30)",M,1917,17106,2016
37590,2075,"[40, 45)",F,764,14045,2016
37592,2077,"[35, 40)",F,1292,15413,2016
37593,2078,"[45, 50)",M,645,13732,2016
37594,2079,"[45, 50)",M,121,11766,2016
37595,2080,"[25, 30)",M,2878,21902,2016
37597,2082,"[45, 50)",M,1656,16413,2016
37598,2083,"[25, 30)",F,2874,21846,2016
37599,2084,"[35, 40)",M,1872,17007,2016
37600,2085,"[40, 45)",F,1192,15116,2016
37602,2087,"[20, 25)",F,1729,16623,2016
37603,2088,"[35, 40)",M,75,11285,2016
37606,2091,"[40, 45)",M,273,12558,2016
37607,2092,"[55, 60)",M,720,13964,2016
37608,2093,"[45, 50)",M,1156,15018,2016
37609,2094,"[50, 55)",M,896,14330,2016
37610,2095,"[35, 40)",M,1368,15635,2016
37612,2097,"[35, 40)",M,1322,15487,2016
37614,2099,"[35, 40)",M,1453,15914,2016
37616,2101,"[50, 55)",M,2104,17685,2016
37617,2102,"[45, 50)",M,1943,17207,2016
37618,2103,"[30, 35)",M,242,12421,2016
37619,2104,"[25, 30)",M,2848,21660,2016
37620,2105,"[45, 50)",M,10,10223,2016
37622,2107,"[35, 40)",M,2728,20519,2016
37623,2108,"[50, 55)",M,995,14557,2016
37624,2109,"[25, 30)",F,906,14343,2016
37625,2110,"[35, 40)",M,1384,15700,2016
37627,2112,"[30, 35)",M,240,12417,2016
37628,2113,"[45, 50)",M,2941,22822,2016
37629,2114,"[45, 50)",M,948,14424,2016
37630,2115,"[45, 50)",F,2399,18874,2016
37631,2116,"[35, 40)",M,619,13656,2016
37632,2117,"[50, 55)",M,882,14310,2016
37633,2118,"[35, 40)",F,1910,17101,2016
37634,2119,"[20, 25)",M,2592,19664,2016
37635,2120,"[35, 40)",M,638,13708,2016
37637,2122,"[35, 40)",M,207,12263,2016
37638,2123,"[40, 45)",M,979,14508,2016
37639,2124,"[35, 40)",F,1054,14751,2016
37640,2125,"[40, 45)",F,2936,22765,2016
37641,2126,"[30, 35)",M,1482,15966,2016
37642,2127,"[25, 30)",M,60,11112,2016
37643,2128,"[30, 35)",M,1238,15233,2016
37646,2131,"[55, 60)",M,2083,17578,2016
37647,2132,"[30, 35)",M,715,13953,2016
37648,2133,"[60, 65)",M,941,14400,2016
37650,2135,"[40, 45)",F,2587,19637,2016
37652,2137,"[55, 60)",M,186,12145,2016
37653,2138,"[45, 50)",M,2178,17913,2016
37654,2139,"[30, 35)",F,1075,14818,2016
37655,2140,"[35, 40)",M,1794,16787,2016
37656,2141,"[35, 40)",F,1676,16455,2016
37658,2143,"[35, 40)",M,957,14451,2016
37659,2144,"[15, 20)",F,2626,19808,2016
37660,2145,"[35, 40)",F,1030,14672,2016
37661,2146,"[45, 50)",M,2333,18532,2016
37664,2149,"[30, 35)",M,2042,17475,2016
37665,2150,"[45, 50)",F,860,14259,2016
37666,2151,"[30, 35)",M,463,13225,2016
37667,2152,"[45, 50)",F,1760,16701,2016
37669,2154,"[40, 45)",F,911,14348,2016
37671,2156,"[40, 45)",M,1878,17026,2016
37676,2161,"[35, 40)",M,1936,17181,2016
37678,2163,"[40, 45)",F,2483,19191,2016
37679,2164,"[60, 65)",M,2872,21840,2016
37680,2165,"[35, 40)",F,3030,25364,2016
37685,2170,"[55, 60)",M,2413,18925,2016
37686,2171,"[35, 40)",M,1059,14769,2016
37687,2172,"[50, 55)",M,1486,15972,2016
37689,2174,"[35, 40)",M,726,13973,2016
37690,2175,"[50, 55)",M,2370,18712,2016
37691,2176,"[35, 40)",M,2663,19997,2016
37694,2179,"[40, 45)",M,1495,16007,2016
37695,2180,"[45, 50)",M,400,13021,2016
37697,2182,"[25, 30)",M,820,14165,2016
37698,2183,"[60, 65)",M,694,13884,2016
37699,2184,"[40, 45)",M,347,12801,2016
37700,2185,"[25, 30)",M,2405,18891,2016
37701,2186,"[25, 30)",F,2509,19296,2016
37702,2187,"[30, 35)",F,2568,19544,2016
37703,2188,"[30, 35)",M,618,13655,2016
37704,2189,"[50, 55)",M,2691,20240,2016
37705,2190,"[45, 50)",F,1977,17284,2016
37706,2191,"[45, 50)",M,1066,14792,2016
37709,2194,"[50, 55)",F,2913,22302,2016
37710,2195,"[35, 40)",M,2140,17790,2016
37712,2197,"[20, 25)",M,2026,17422,2016
37713,2198,"[40, 45)",F,2410,18903,2016
37714,2199,"[45, 50)",F,832,14195,2016
37715,2200,"[35, 40)",F,2262,18217,2016
37716,2201,"[45, 50)",F,2127,17749,2016
37717,2202,"[50, 55)",M,2176,17911,2016
37721,2206,"[40, 45)",M,607,13630,2016
37722,2207,"[40, 45)",M,1306,15433,2016
37724,2209,"[30, 35)",M,2461,19083,2016
37726,2211,"[45, 50)",M,2773,20866,2016
37727,2212,"[25, 30)",F,1576,16168,2016
37728,2213,"[35, 40)",M,1797,16795,2016
37729,2214,"[30, 35)",M,2502,19262,2016
37730,2215,"[40, 45)",F,1870,16986,2016
37732,2217,"[45, 50)",M,1333,15522,2016
37734,2219,"[30, 35)",F,2490,19211,2016
37736,2221,"[40, 45)",M,1229,15209,2016
37738,2223,"[45, 50)",F,771,14059,2016
37739,2224,"[40, 45)",M,2131,17760,2016
37741,2226,"[35, 40)",M,532,13438,2016
37743,2228,"[40, 45)",F,1886,17042,2016
37744,2229,"[40, 45)",M,845,14223,2016
37745,2230,"[60, 65)",M,2507,19292,2016
37746,2231,"[45, 50)",M,972,14494,2016
37747,2232,"[30, 35)",F,2979,23559,2016
37748,2233,"[45, 50)",F,1968,17266,2016
37749,2234,"[20, 25)",F,280,12569,2016
37750,2235,"[45, 50)",F,2987,23770,2016
37751,2236,"[30, 35)",F,742,14006,2016
37752,2237,"[40, 45)",M,660,13771,2016
37753,2238,"[30, 35)",F,1488,15986,2016
37754,2239,"[45, 50)",M,355,12835,2016
37755,2240,"[45, 50)",M,545,13467,2016
37756,2241,"[40, 45)",F,2752,20710,2016
37757,2242,"[30, 35)",F,1343,15553,2016
37758,2243,"[45, 50)",F,1250,15264,2016
37761,2246,"[65, 70)",M,2430,18998,2016
37764,2249,"[35, 40)",F,2457,19060,2016
37765,2250,"[45, 50)",M,735,13989,2016
37768,2253,"[55, 60)",M,841,14216,2016
37770,2255,"[40, 45)",M,898,14332,2016
37772,2257,"[30, 35)",F,1201,15133,2016
37773,2258,"[20, 25)",M,78,11328,2016
37774,2259,"[35, 40)",M,768,14050,2016
37775,2260,"[35, 40)",F,2186,17934,2016
37776,2261,"[25, 30)",M,1370,15640,2016
37778,2263,"[45, 50)",F,2393,18841,2016
37779,2264,"[55, 60)",M,2324,18475,2016
37780,2265,"[40, 45)",M,51,11029,2016
37781,2266,"[45, 50)",F,2934,22694,2016
37784,2269,"[25, 30)",F,1704,16551,2016
37785,2270,"[35, 40)",M,2360,18648,2016
37786,2271,"[35, 40)",M,1024,14654,2016
37789,2274,"[40, 45)",M,296,12622,2016
37791,2276,"[25, 30)",F,1121,14917,2016
37792,2277,"[25, 30)",F,1643,16375,2016
37793,2278,"[35, 40)",M,276,12561,2016
37794,2279,"[40, 45)",M,1112,14898,2016
37796,2281,"[35, 40)",M,278,12566,2016
37799,2284,"[50, 55)",M,2159,17862,2016
37800,2285,"[40, 45)",M,2711,20350,2016
37802,2287,"[45, 50)",M,1298,15424,2016
37803,2288,"[40, 45)",F,600,13615,2016
37804,2289,"[45, 50)",M,1471,15950,2016
37806,2291,"[30, 35)",M,963,14465,2016
37807,2292,"[25, 30)",M,1410,15782,2016
37808,2293,"[40, 45)",F,1180,15082,2016
37809,2294,"[50, 55)",M,2952,23141,2016
37810,2295,"[45, 50)",M,1816,16842,2016
37811,2296,"[40, 45)",F,2053,17505,2016
37812,2297,"[25, 30)",M,2775,20882,2016
37813,2298,"[35, 40)",M,1549,16109,2016
37815,2300,"[40, 45)",F,2455,19059,2016
37818,2303,"[40, 45)",M,722,13966,2016
37819,2304,"[50, 55)",M,3017,24768,2016
37821,2306,"[35, 40)",M,1417,15801,2016
37822,2307,"[30, 35)",F,2767,20835,2016
37824,2309,"[20, 25)",F,2218,18051,2016
37825,2310,"[60, 65)",F,2282,18310,2016
37829,2314,"[35, 40)",M,1294,15414,2016
37832,2317,"[35, 40)",F,1930,17152,2016
37833,2318,"[55, 60)",M,839,14210,2016
37834,2319,"[25, 30)",F,2919,22433,2016
37836,2321,"[55, 60)",M,1926,17140,2016
37837,2322,"[60, 65)",M,698,13901,2016
37838,2323,"[50, 55)",M,1242,15240,2016
37840,2325,"[30, 35)",M,2600,19687,2016
37842,2327,"[30, 35)",M,1373,15652,2016
37844,2329,"[30, 35)",F,226,12371,2016
37845,2330,"[45, 50)",M,2253,18195,2016
37847,2332,"[45, 50)",F,1008,14594,2016
37849,2334,"[50, 55)",M,1948,17217,2016
37851,2336,"[35, 40)",M,500,13326,2016
37852,2337,"[35, 40)",F,1493,15997,2016
37853,2338,"[40, 45)",M,1048,14716,2016
37855,2340,"[35, 40)",M,404,13035,2016
37856,2341,"[30, 35)",M,2693,20262,2016
37857,2342,"[30, 35)",M,2350,18600,2016
37858,2343,"[45, 50)",M,2347,18599,2016
37859,2344,"[30, 35)",F,1433,15843,2016
37860,2345,"[35, 40)",M,2598,19678,2016
37862,2347,"[35, 40)",M,1539,16095,2016
37863,2348,"[30, 35)",M,1702,16544,2016
37866,2351,"[50, 55)",M,435,13128,2016
37867,2352,"[55, 60)",M,2098,17640,2016
37868,2353,"[45, 50)",M,938,14397,2016
37869,2354,"[25, 30)",F,2805,21115,2016
37870,2355,"[15, 20)",F,836,14204,2016
37872,2357,"[30, 35)",M,33,10880,2016
37873,2358,"[55, 60)",F,2733,20570,2016
37875,2360,"[25, 30)",F,1880,17027,2016
37876,2361,"[45, 50)",F,1527,16068,2016
37878,2363,"[40, 45)",F,2377,18749,2016
37879,2364,"[35, 40)",M,1900,17080,2016
37881,2366,"[40, 45)",M,2367,18706,2016
37883,2368,"[35, 40)",F,1903,17087,2016
37884,2369,"[45, 50)",F,702,13910,2016
37886,2371,"[65, 70)",M,846,14224,2016
37887,2372,"[30, 35)",F,2529,19381,2016
37890,2375,"[40, 45)",M,903,14337,2016
37892,2377,"[35, 40)",M,258,12496,2016
37893,2378,"[40, 45)",M,2787,20958,2016
37895,2380,"[50, 55)",M,527,13428,2016
37898,2383,"[40, 45)",M,43,10924,2016
37902,2387,"[25, 30)",M,937,14396,2016
37903,2388,"[60, 65)",M,2877,21872,2016
37904,2389,"[55, 60)",M,2732,20542,2016
37905,2390,"[35, 40)",M,1262,15300,2016
37906,2391,"[45, 50)",M,1336,15531,2016
37907,2392,"[35, 40)",M,315,12664,2016
37908,2393,"[20, 25)",F,1979,17305,2016
37909,2394,"[25, 30)",M,1187,15099,2016
37910,2395,"[50, 55)",F,105,11615,2016
37912,2397,"[55, 60)",M,1179,15079,2016
37914,2399,"[50, 55)",M,2830,21359,2016
37916,2401,"[40, 45)",M,1827,16874,2016
37917,2402,"[20, 25)",M,2974,23509,2016
37918,2403,"[40, 45)",M,3002,24428,2016
37919,2404,"[55, 60)",F,2842,21612,2016
37920,2405,"[35, 40)",M,2978,23553,2016
37921,2406,"[60, 65)",M,154,11961,2016
37922,2407,"[45, 50)",F,474,13268,2016
37923,2408,"[40, 45)",F,2970,23420,2016
37924,2409,"[30, 35)",M,2472,19145,2016
37925,2410,"[35, 40)",F,1653,16401,2016
37926,2411,"[35, 40)",M,830,14187,2016
37927,2412,"[40, 45)",M,4,9736,2016
37928,2413,"[40, 45)",M,210,12276,2016
37930,2415,"[30, 35)",F,1532,16083,2016
37933,2418,"[30, 35)",M,170,12021,2016
37934,2419,"[40, 45)",M,2030,17441,2016
37935,2420,"[30, 35)",F,2957,23237,2016
37936,2421,"[40, 45)",F,2907,22185,2016
37937,2422,"[30, 35)",M,79,11329,2016
37938,2423,"[30, 35)",F,1228,15207,2016
37940,2425,"[45, 50)",F,1056,14761,2016
37945,2430,"[25, 30)",M,1457,15920,2016
37947,2432,"[30, 35)",M,999,14572,2016
37948,2433,"[45, 50)",M,216,12318,2016
37949,2434,"[35, 40)",M,631,13691,2016
37951,2436,"[50, 55)",M,411,13068,2016
37953,2438,"[30, 35)",M,1901,17080,2016
37957,2442,"[35, 40)",M,2142,17795,2016
37958,2443,"[35, 40)",M,1713,16567,2016
37960,2445,"[20, 25)",F,1037,14690,2016
37961,2446,"[40, 45)",M,2038,17470,2016
37962,2447,"[35, 40)",M,1707,16561,2016
37963,2448,"[40, 45)",F,2543,19468,2016
37964,2449,"[30, 35)",M,2248,18165,2016
37965,2450,"[25, 30)",F,1981,17307,2016
37967,2452,"[40, 45)",M,1598,16243,2016
37969,2454,"[40, 45)",F,1444,15875,2016
37970,2455,"[35, 40)",M,1595,16236,2016
37972,2457,"[30, 35)",F,2638,19856,2016
37973,2458,"[70, 75)",F,2706,20338,2016
37974,2459,"[35, 40)",M,1507,16019,2016
37975,2460,"[30, 35)",M,124,11783,2016
37977,2462,"[35, 40)",F,1130,14941,2016
37978,2463,"[45, 50)",F,968,14471,2016
37979,2464,"[25, 30)",F,689,13877,2016
37980,2465,"[50, 55)",F,1662,16434,2016
37981,2466,"[35, 40)",M,455,13186,2016
37982,2467,"[55, 60)",M,877,14284,2016
37983,2468,"[45, 50)",F,2538,19429,2016
37984,2469,"[20, 25)",F,2722,20478,2016
37985,2470,"[40, 45)",M,673,13823,2016
37986,2471,"[35, 40)",M,965,14470,2016
37987,2472,"[20, 25)",M,444,13144,2016
37988,2473,"[75, 80)",M,2990,23883,2016
37989,2474,"[40, 45)",M,426,13107,2016
37990,2475,"[35, 40)",F,505,13345,2016
37991,2476,"[40, 45)",F,2854,21694,2016
37992,2477,"[35, 40)",F,2214,18022,2016
37993,2478,"[25, 30)",F,385,12965,2016
37994,2479,"[25, 30)",F,997,14566,2016
37995,2480,"[20, 25)",F,902,14335,2016
37996,2481,"[45, 50)",F,1045,14708,2016
37997,2482,"[35, 40)",M,2040,17471,2016
38001,2486,"[25, 30)",F,2045,17489,2016
38002,2487,"[20, 25)",F,2013,17387,2016
38004,2489,"[50, 55)",F,2976,23548,2016
38005,2490,"[30, 35)",M,3045,27011,2016
38006,2491,"[40, 45)",M,65,11140,2016
38009,2494,"[40, 45)",M,252,12465,2016
38010,2495,"[45, 50)",M,1307,15444,2016
38011,2496,"[30, 35)",M,2090,17615,2016
38012,2497,"[50, 55)",M,1194,15121,2016
38013,2498,"[35, 40)",M,671,13814,2016
38015,2500,"[55, 60)",M,2110,17695,2016
38017,2502,"[65, 70)",M,1737,16634,2016
38022,2507,"[35, 40)",M,868,14273,2016
38023,2508,"[35, 40)",M,134,11831,2016
38024,2509,"[35, 40)",M,457,13200,2016
38025,2510,"[45, 50)",F,2832,21387,2016
38026,2511,"[45, 50)",M,1955,17235,2016
38027,2512,"[35, 40)",M,1455,15916,2016
38028,2513,"[25, 30)",F,2024,17417,2016
38030,2515,"[55, 60)",M,2275,18270,2016
38031,2516,"[30, 35)",M,1876,17016,2016
38032,2517,"[40, 45)",F,2075,17554,2016
38034,2519,"[45, 50)",M,84,11382,2016
38035,2520,"[35, 40)",F,1795,16792,2016
38037,2522,"[45, 50)",M,1520,16049,2016
38038,2523,"[40, 45)",M,1040,14695,2016
38042,2527,"[15, 20)",M,1965,17258,2016
38043,2528,"[20, 25)",F,1199,15128,2016
38046,2531,"[35, 40)",F,1852,16957,2016
38047,2532,"[40, 45)",M,2343,18573,2016
38048,2533,"[50, 55)",M,1813,16832,2016
38049,2534,"[40, 45)",F,1807,16824,2016
38051,2536,"[50, 55)",M,272,12554,2016
38053,2538,"[35, 40)",M,1357,15586,2016
38054,2539,"[45, 50)",F,1076,14819,2016
38055,2540,"[50, 55)",F,2915,22344,2016
38059,2544,"[35, 40)",M,826,14178,2016
38060,2545,"[35, 40)",M,2578,19601,2016
38062,2547,"[40, 45)",F,1915,17105,2016
38064,2549,"[35, 40)",F,1700,16542,2016
38066,2551,"[30, 35)",M,425,13103,2016
38067,2552,"[35, 40)",F,2776,20889,2016
38069,2554,"[30, 35)",M,2241,18154,2016
38070,2555,"[30, 35)",F,806,14135,2016
38071,2556,"[45, 50)",M,2227,18088,2016
38072,2557,"[45, 50)",M,111,11672,2016
38075,2560,"[35, 40)",M,1084,14834,2016
38076,2561,"[35, 40)",F,1546,16104,2016
38078,2563,"[25, 30)",F,1739,16636,2016
38079,2564,"[25, 30)",F,2378,18753,2016
38082,2567,"[30, 35)",F,723,13966,2016
38083,2568,"[20, 25)",F,1550,16111,2016
38084,2569,"[45, 50)",F,2534,19406,2016
38086,2571,"[30, 35)",F,2683,20170,2016
38088,2573,"[40, 45)",M,2039,17471,2016
38090,2575,"[20, 25)",M,1894,17055,2016
38091,2576,"[40, 45)",M,98,11566,2016
38092,2577,"[55, 60)",M,1414,15793,2016
38093,2578,"[50, 55)",M,205,12258,2016
38094,2579,"[60, 65)",M,2353,18608,2016
38095,2580,"[50, 55)",M,1826,16874,2016
38096,2581,"[25, 30)",F,2201,17985,2016
38097,2582,"[35, 40)",M,626,13675,2016
38101,2586,"[35, 40)",F,1468,15947,2016
38104,2589,"[55, 60)",M,300,12629,2016
38106,2591,"[30, 35)",M,539,13454,2016
38107,2592,"[40, 45)",M,2643,19889,2016
38108,2593,"[40, 45)",F,456,13194,2016
38109,2594,"[20, 25)",M,424,13103,2016
38110,2595,"[40, 45)",M,307,12646,2016
38111,2596,"[35, 40)",F,2560,19527,2016
38112,2597,"[20, 25)",M,1569,16161,2016
38113,2598,"[35, 40)",M,187,12147,2016
38115,2600,"[40, 45)",M,810,14142,2016
38116,2601,"[40, 45)",M,2456,19060,2016
38118,2603,"[30, 35)",M,2634,19838,2016
38120,2605,"[30, 35)",M,1310,15456,2016
38121,2606,"[35, 40)",F,1989,17323,2016
38122,2607,"[40, 45)",M,230,12383,2016
38124,2609,"[45, 50)",M,1137,14948,2016
38125,2610,"[30, 35)",M,605,13628,2016
38127,2612,"[35, 40)",M,2381,18763,2016
38128,2613,"[25, 30)",F,1709,16562,2016
38129,2614,"[45, 50)",M,1127,14936,2016
38130,2615,"[35, 40)",M,2796,21020,2016
38132,2617,"[55, 60)",M,1057,14768,2016
38134,2619,"[55, 60)",M,2670,20040,2016
38135,2620,"[30, 35)",F,844,14223,2016
38136,2621,"[35, 40)",M,3026,25133,2016
38137,2622,"[25, 30)",M,869,14276,2016
38138,2623,"[35, 40)",F,2274,18270,2016
38140,2625,"[40, 45)",M,2660,19976,2016
38141,2626,"[25, 30)",F,2610,19724,2016
38142,2627,"[35, 40)",F,63,11136,2016
38143,2628,"[30, 35)",F,2819,21236,2016
38144,2629,"[45, 50)",F,2759,20767,2016
38145,2630,"[35, 40)",F,2187,17938,2016
38146,2631,"[35, 40)",F,2458,19061,2016
38147,2632,"[35, 40)",M,1526,16066,2016
38148,2633,"[30, 35)",F,1619,16308,2016
38150,2635,"[20, 25)",F,2857,21745,2016
38151,2636,"[30, 35)",M,459,13207,2016
38153,2638,"[30, 35)",M,327,12720,2016
38155,2640,"[40, 45)",M,2434,19012,2016
38156,2641,"[25, 30)",M,2029,17438,2016
38157,2642,"[40, 45)",M,1686,16482,2016
38158,2643,"[55, 60)",M,986,14527,2016
38159,2644,"[35, 40)",F,1271,15337,2016
38161,2646,"[30, 35)",F,889,14319,2016
38162,2647,"[40, 45)",M,146,11916,2016
38163,2648,"[40, 45)",F,1571,16163,2016
38164,2649,"[55, 60)",M,2423,18973,2016
38165,2650,"[40, 45)",F,2336,18542,2016
38166,2651,"[30, 35)",F,2645,19891,2016
38167,2652,"[45, 50)",M,1098,14870,2016
38168,2653,"[35, 40)",F,2698,20299,2016
38169,2654,"[40, 45)",F,1574,16166,2016
38173,2658,"[55, 60)",M,2955,23227,2016
38175,2660,"[30, 35)",M,348,12807,2016
38177,2662,"[40, 45)",F,2883,21984,2016
38178,2663,"[30, 35)",M,887,14316,2016
38179,2664,"[35, 40)",M,1267,15319,2016
38180,2665,"[35, 40)",F,1959,17242,2016
38181,2666,"[30, 35)",M,2317,18451,2016
38184,2669,"[55, 60)",M,657,13766,2016
38185,2670,"[50, 55)",M,382,12960,2016
38186,2671,"[45, 50)",M,1864,16977,2016
38187,2672,"[25, 30)",M,850,14232,2016
38190,2675,"[35, 40)",M,2459,19077,2016
38191,2676,"[15, 20)",M,2505,19288,2016
38192,2677,"[45, 50)",M,1155,14999,2016
38193,2678,"[40, 45)",M,289,12595,2016
38194,2679,"[30, 35)",F,2394,18845,2016
38195,2680,"[40, 45)",M,2193,17963,2016
38196,2681,"[40, 45)",F,1987,17320,2016
38197,2682,"[35, 40)",F,1364,15613,2016
38198,2683,"[45, 50)",F,1166,15037,2016
38199,2684,"[45, 50)",M,37,10902,2016
38201,2686,"[35, 40)",M,2340,18549,2016
38202,2687,"[50, 55)",M,243,12424,2016
38203,2688,"[45, 50)",M,2337,18543,2016
38204,2689,"[45, 50)",F,1655,16403,2016
38206,2691,"[25, 30)",M,236,12402,2016
38208,2693,"[25, 30)",M,1200,15131,2016
38209,2694,"[50, 55)",M,1293,15413,2016
38210,2695,"[35, 40)",M,248,12442,2016
38211,2696,"[50, 55)",M,2094,17631,2016
38212,2697,"[35, 40)",M,1122,14918,2016
38215,2700,"[45, 50)",F,2797,21031,2016
38217,2702,"[35, 40)",F,2319,18461,2016
38219,2704,"[35, 40)",M,1761,16702,2016
38220,2705,"[45, 50)",F,2894,22101,2016
38222,2707,"[30, 35)",M,703,13910,2016
38223,2708,"[35, 40)",M,567,13527,2016
38226,2711,"[30, 35)",F,2277,18276,2016
38227,2712,"[40, 45)",M,2506,19292,2016
38228,2713,"[45, 50)",M,1517,16047,2016
38229,2714,"[30, 35)",M,2731,20539,2016
38230,2715,"[45, 50)",M,629,13690,2016
38232,2717,"[20, 25)",M,440,13137,2016
38233,2718,"[60, 65)",F,2157,17854,2016
38236,2721,"[45, 50)",F,2850,21664,2016
38237,2722,"[40, 45)",F,1506,16019,2016
38238,2723,"[30, 35)",F,1556,16120,2016
38239,2724,"[25, 30)",M,2831,21368,2016
38241,2726,"[45, 50)",M,2542,19468,2016
38243,2728,"[30, 35)",M,166,12002,2016
38244,2729,"[50, 55)",M,996,14560,2016
38245,2730,"[30, 35)",M,571,13538,2016
38246,2731,"[35, 40)",M,44,10926,2016
38247,2732,"[30, 35)",M,2551,19507,2016
38248,2733,"[35, 40)",M,211,12283,2016
38249,2734,"[40, 45)",M,1791,16774,2016
38250,2735,"[45, 50)",M,587,13572,2016
38252,2737,"[55, 60)",M,3008,24570,2016
38254,2739,"[35, 40)",M,1182,15087,2016
38255,2740,"[60, 65)",M,179,12110,2016
38256,2741,"[40, 45)",M,2100,17651,2016
38257,2742,"[35, 40)",M,1135,14945,2016
38258,2743,"[55, 60)",F,2206,17994,2016
38259,2744,"[50, 55)",F,3021,24928,2016
38260,2745,"[20, 25)",M,362,12860,2016
38262,2747,"[50, 55)",M,1505,16017,2016
38263,2748,"[50, 55)",M,803,14130,2016
38264,2749,"[35, 40)",M,718,13959,2016
38265,2750,"[65, 70)",M,1825,16874,2016
38266,2751,"[40, 45)",M,2847,21654,2016
38267,2752,"[35, 40)",M,413,13083,2016
38268,2753,"[45, 50)",F,1273,15341,2016
38269,2754,"[40, 45)",M,659,13770,2016
38270,2755,"[35, 40)",M,317,12669,2016
38272,2757,"[30, 35)",F,1516,16041,2016
38273,2758,"[35, 40)",M,578,13553,2016
38275,2760,"[30, 35)",M,237,12405,2016
38276,2761,"[35, 40)",F,1985,17314,2016
38277,2762,"[40, 45)",F,1905,17089,2016
38280,2765,"[35, 40)",M,1608,16275,2016
38281,2766,"[30, 35)",F,892,14325,2016
38282,2767,"[25, 30)",F,2621,19791,2016
38283,2768,"[20, 25)",F,2326,18498,2016
38284,2769,"[30, 35)",M,180,12126,2016
38286,2771,"[45, 50)",M,2715,20400,2016
38289,2774,"[20, 25)",F,2016,17394,2016
38290,2775,"[40, 45)",M,1848,16949,2016
38291,2776,"[45, 50)",F,1732,16624,2016
38292,2777,"[55, 60)",F,2566,19539,2016
38293,2778,"[50, 55)",M,695,13885,2016
38294,2779,"[20, 25)",M,2514,19322,2016
38295,2780,"[35, 40)",F,2666,20008,2016
38296,2781,"[40, 45)",M,398,13007,2016
38297,2782,"[30, 35)",M,2421,18960,2016
38298,2783,"[45, 50)",F,417,13096,2016
38301,2786,"[60, 65)",M,667,13787,2016
38303,2788,"[35, 40)",M,731,13984,2016
38304,2789,"[60, 65)",M,2968,23307,2016
38305,2790,"[45, 50)",M,2612,19742,2016
38306,2791,"[50, 55)",M,377,12938,2016
38307,2792,"[40, 45)",F,2328,18504,2016
38308,2793,"[25, 30)",M,2111,17698,2016
38309,2794,"[55, 60)",M,1068,14802,2016
38310,2795,"[30, 35)",M,1246,15248,2016
38313,2798,"[30, 35)",M,1642,16374,2016
38315,2800,"[30, 35)",F,1604,16265,2016
38316,2801,"[40, 45)",F,976,14502,2016
38317,2802,"[40, 45)",F,2471,19125,2016
38318,2803,"[20, 25)",M,460,13213,2016
38319,2804,"[35, 40)",M,1671,16448,2016
38320,2805,"[45, 50)",M,1465,15938,2016
38321,2806,"[30, 35)",F,1464,15938,2016
38322,2807,"[40, 45)",M,1053,14747,2016
38323,2808,"[40, 45)",M,499,13325,2016
38325,2810,"[30, 35)",M,290,12596,2016
38326,2811,"[45, 50)",M,168,12013,2016
38328,2813,"[40, 45)",F,1696,16517,2016
38329,2814,"[35, 40)",F,2680,20152,2016
38330,2815,"[25, 30)",M,2623,19797,2016
38331,2816,"[45, 50)",M,1924,17126,2016
38332,2817,"[35, 40)",F,2685,20205,2016
38333,2818,"[55, 60)",F,2836,21467,2016
38334,2819,"[40, 45)",M,2491,19212,2016
38336,2821,"[25, 30)",M,958,14452,2016
38338,2823,"[25, 30)",F,2022,17407,2016
38339,2824,"[35, 40)",F,1873,17009,2016
38340,2825,"[65, 70)",M,2180,17918,2016
38341,2826,"[45, 50)",M,1141,14958,2016
38342,2827,"[30, 35)",M,420,13099,2016
38344,2829,"[35, 40)",M,1838,16913,2016
38345,2830,"[25, 30)",F,2076,17556,2016
38346,2831,"[40, 45)",M,909,14346,2016
38347,2832,"[20, 25)",M,3012,24662,2016
38348,2833,"[45, 50)",F,2880,21913,2016
38350,2835,"[40, 45)",F,1512,16031,2016
38351,2836,"[35, 40)",M,465,13232,2016
38352,2837,"[35, 40)",M,45,10928,2016
38353,2838,"[35, 40)",M,1983,17311,2016
38354,2839,"[35, 40)",M,2480,19181,2016
38355,2840,"[50, 55)",M,875,14282,2016
38356,2841,"[30, 35)",M,604,13626,2016
38358,2843,"[35, 40)",M,153,11960,2016
38359,2844,"[45, 50)",F,2605,19705,2016
38360,2845,"[30, 35)",M,241,12420,2016
38361,2846,"[40, 45)",M,220,12340,2016
38362,2847,"[35, 40)",M,38,10907,2016
38364,2849,"[45, 50)",F,2703,20317,2016
38365,2850,"[50, 55)",M,160,11981,2016
38367,2852,"[40, 45)",M,161,11981,2016
38368,2853,"[35, 40)",F,2657,19944,2016
38369,2854,"[45, 50)",M,66,11147,2016
38370,2855,"[45, 50)",M,1611,16281,2016
38371,2856,"[30, 35)",M,158,11972,2016
38372,2857,"[25, 30)",M,222,12349,2016
38373,2858,"[40, 45)",M,94,11490,2016
38375,2860,"[55, 60)",M,2375,18737,2016
38377,2862,"[35, 40)",F,1391,15717,2016
38378,2863,"[50, 55)",M,2047,17491,2016
38379,2864,"[40, 45)",F,1198,15127,2016
38380,2865,"[25, 30)",F,2599,19686,2016
38381,2866,"[40, 45)",M,1241,15240,2016
38382,2867,"[20, 25)",F,1064,14788,2016
38383,2868,"[25, 30)",F,538,13454,2016
38384,2869,"[65, 70)",F,2335,18538,2016
38385,2870,"[20, 25)",M,1743,16645,2016
38386,2871,"[30, 35)",M,2998,24255,2016
38388,2873,"[45, 50)",M,2444,19034,2016
38389,2874,"[45, 50)",M,1836,16904,2016
38390,2875,"[45, 50)",F,2834,21431,2016
38392,2877,"[40, 45)",M,2891,22024,2016
38393,2878,"[30, 35)",M,1733,16626,2016
38395,2880,"[25, 30)",F,2741,20627,2016
38396,2881,"[45, 50)",M,2077,17559,2016
38398,2883,"[20, 25)",M,991,14547,2016
38399,2884,"[60, 65)",M,432,13121,2016
38400,2885,"[55, 60)",M,2942,22824,2016
38401,2886,"[20, 25)",F,1599,16246,2016
38402,2887,"[60, 65)",M,1973,17276,2016
38403,2888,"[50, 55)",M,1261,15295,2016
38404,2889,"[40, 45)",F,2980,23573,2016
38405,2890,"[45, 50)",M,1195,15121,2016
38408,2893,"[35, 40)",M,1158,15023,2016
38409,2894,"[30, 35)",M,1089,14847,2016
38410,2895,"[55, 60)",F,1711,16565,2016
38411,2896,"[30, 35)",M,2839,21549,2016
38412,2897,"[25, 30)",M,1049,14721,2016
38415,2900,"[40, 45)",F,752,14019,2016
38416,2901,"[45, 50)",M,704,13912,2016
38419,2904,"[25, 30)",F,1280,15373,2016
38420,2905,"[40, 45)",M,863,14262,2016
38421,2906,"[35, 40)",M,755,14023,2016
38422,2907,"[35, 40)",M,203,12236,2016
38425,2910,"[45, 50)",M,2228,18091,2016
38426,2911,"[35, 40)",F,766,14049,2016
38429,2914,"[40, 45)",M,335,12748,2016
38430,2915,"[45, 50)",M,354,12830,2016
38432,2917,"[30, 35)",M,2522,19344,2016
38433,2918,"[30, 35)",F,2844,21625,2016
38434,2919,"[35, 40)",M,932,14385,2016
38435,2920,"[35, 40)",F,2852,21685,2016
38437,2922,"[35, 40)",F,1500,16010,2016
38438,2923,"[50, 55)",F,428,13113,2016
38440,2925,"[35, 40)",M,349,12807,2016
38441,2926,"[45, 50)",M,2014,17393,2016
38443,2928,"[40, 45)",M,200,12214,2016
38445,2930,"[45, 50)",M,1484,15970,2016
38446,2931,"[55, 60)",M,2896,22119,2016
38448,2933,"[25, 30)",M,1687,16482,2016
38449,2934,"[45, 50)",M,579,13553,2016
38450,2935,"[35, 40)",M,1681,16466,2016
38451,2936,"[35, 40)",F,1470,15949,2016
38452,2937,"[50, 55)",F,2946,23015,2016
38453,2938,"[35, 40)",F,229,12377,2016
38455,2940,"[30, 35)",M,606,13628,2016
38456,2941,"[35, 40)",M,3015,24739,2016
38457,2942,"[25, 30)",F,685,13854,2016
38458,2943,"[40, 45)",M,1758,16698,2016
38460,2945,"[45, 50)",M,1993,17337,2016
38461,2946,"[45, 50)",M,1223,15184,2016
38463,2948,"[30, 35)",F,1988,17320,2016
38465,2950,"[40, 45)",M,2651,19910,2016
38466,2951,"[50, 55)",M,2223,18080,2016
38467,2952,"[35, 40)",F,2121,17731,2016
38468,2953,"[50, 55)",F,1810,16826,2016
38469,2954,"[30, 35)",F,1458,15931,2016
38470,2955,"[30, 35)",F,1450,15901,2016
38471,2956,"[35, 40)",M,50,10998,2016
38472,2957,"[30, 35)",M,3014,24730,2016
38474,2959,"[35, 40)",M,2064,17526,2016
38475,2960,"[35, 40)",M,85,11384,2016
38478,2963,"[40, 45)",M,688,13868,2016
38481,2966,"[25, 30)",M,1285,15397,2016
38482,2967,"[45, 50)",M,984,14526,2016
38483,2968,"[40, 45)",M,1047,14715,2016
38484,2969,"[20, 25)",F,848,14229,2016
38485,2970,"[45, 50)",M,2066,17529,2016
38489,2974,"[40, 45)",M,2871,21807,2016
38491,2976,"[30, 35)",M,1408,15771,2016
38493,2978,"[55, 60)",F,2977,23549,2016
38496,2981,"[45, 50)",M,748,14017,2016
38497,2982,"[40, 45)",M,622,13663,2016
38498,2983,"[35, 40)",F,1050,14723,2016
38500,2985,"[25, 30)",M,753,14020,2016
38501,2986,"[55, 60)",M,1695,16515,2016
38502,2987,"[40, 45)",M,5,9737,2016
38503,2988,"[30, 35)",M,1835,16903,2016
38504,2989,"[45, 50)",M,277,12563,2016
38506,2991,"[35, 40)",M,1746,16656,2016
38508,2993,"[45, 50)",F,2442,19029,2016
38511,2996,"[40, 45)",M,1398,15743,2016
38512,2997,"[60, 65)",F,2873,21840,2016
38513,2998,"[45, 50)",F,2089,17610,2016
38514,2999,"[40, 45)",M,2404,18889,2016
38518,3003,"[40, 45)",M,1651,16395,2016
38519,3004,"[40, 45)",F,1288,15400,2016
38520,3005,"[25, 30)",M,1313,15464,2016
38522,3007,"[35, 40)",M,1536,16091,2016
38523,3008,"[35, 40)",M,502,13333,2016
38524,3009,"[40, 45)",F,1893,17051,2016
